Class	Type	Prop	Disabled
AdjustSchoolCapacitySettings	int	CollegeSlider	
AdjustSchoolCapacitySettings	int	ElementarySlider	
AdjustSchoolCapacitySettings	int	HighSchoolSlider	
AdjustSchoolCapacitySettings	int	UniversitySlider	
AdjustTransitSettings	float	AirplanePassengerScalar	
AdjustTransitSettings	float	BusDepotScalar	
AdjustTransitSettings	float	BusPassengerScalar	
AdjustTransitSettings	bool	EnableDebugLogging	TRUE
AdjustTransitSettings	bool	EnableLineVehicleCountTuner	
AdjustTransitSettings	float	FerryDepotScalar	
AdjustTransitSettings	float	FerryPassengerScalar	
AdjustTransitSettings	float	ShipPassengerScalar	
AdjustTransitSettings	float	SubwayDepotScalar	
AdjustTransitSettings	float	SubwayPassengerScalar	
AdjustTransitSettings	float	TaxiDepotScalar	
AdjustTransitSettings	float	TrainDepotScalar	
AdjustTransitSettings	float	TrainPassengerScalar	
AdjustTransitSettings	float	TramDepotScalar	
AdjustTransitSettings	float	TramPassengerScalar	
AdvancedRoadNamingSettings	bool	AllowMultipleRouteNumbers	
AdvancedRoadNamingSettings	string	BaseRouteSeparator	
AdvancedRoadNamingSettings	bool	CombineRoadAggregates	
AdvancedRoadNamingSettings	bool	CombineRoadAggregatesDefaultMigrated	TRUE
AdvancedRoadNamingSettings	bool	EnableLogging	TRUE
AdvancedRoadNamingSettings	RouteNumberOrderingMode	OrderingMode	
AdvancedRoadNamingSettings	string	RouteNumberSeparator	
AdvancedRoadNamingSettings	bool	ShowAdvancedRouteDetails	
AdvancedSimulationSpeedSettings	bool	ActualSpeed	
AdvancedSimulationSpeedSettings	int	DecimalPlaces	
AdvancedSimulationSpeedSettings	float	Step	
AdvancedSimulationSpeedSettings	Type	Type	
AllAboardSettings	int	BusMaxDwellDelaySlider	
AllAboardSettings	int	TrainMaxDwellDelaySlider	
AnarchySettings	bool	AllowPlacingMultipleUniqueBuildings	
AnarchySettings	bool	AnarchicBulldozer	
AnarchySettings	ProxyBinding	DecreaseElevation	
AnarchySettings	ProxyBinding	DecreaseElevationMimic	
AnarchySettings	bool	DisableAnarchyWhileBrushing	
AnarchySettings	bool	ElevationLock	
AnarchySettings	ProxyBinding	ElevationStep	
AnarchySettings	bool	ElevationStepSlider	
AnarchySettings	bool	FlamingChirper	
AnarchySettings	ProxyBinding	IncreaseElevation	
AnarchySettings	ProxyBinding	IncreaseElevationMimic	
AnarchySettings	float	MinimumClearanceBelowElevatedNetworks	
AnarchySettings	bool	NetworkAnarchyToolOptions	
AnarchySettings	bool	NetworkUpgradesPrefabs	
AnarchySettings	bool	NetworkUpgradesToolOptions	
AnarchySettings	bool	PreventAccidentalPropCulling	
AnarchySettings	bool	PreventOverrideInEditor	
AnarchySettings	int	PropRefreshFrequency	
AnarchySettings	bool	ReplaceUpgradesBehavior	
AnarchySettings	ProxyBinding	ResetElevation	
AnarchySettings	bool	ResetElevationWhenChangingPrefab	
AnarchySettings	bool	ResetNetworkToolOptionsWhenChangingPrefab	
AnarchySettings	ProxyBinding	SecondaryApplyMimic	
AnarchySettings	bool	ShowElevationToolOption	
AnarchySettings	bool	ShowTooltip	
AnarchySettings	ProxyBinding	ToggleAnarchy	
AnarchySettings	bool	ToolIcon	
AnarchySettings	bool	UseElevationMimics	
AreaBucketSettings	bool	AlterVanillaGeometrySystem	
AreaBucketSettings	ProxyBinding	AreaBucketToolApply	
AreaBucketSettings	bool	DrawAreaOverlay	
AreaBucketSettings	ProxyBinding	Dump	
AreaBucketSettings	float	MaxFillingRange	
AreaBucketSettings	float	MinGeneratedLineLength	
AreaBucketSettings	bool	PreviewSurface	
AreaBucketSettings	bool	ShowDebugOption	
AreaBucketSettings	bool	UseExperientalOption	
AssetIconCreatorSettings	bool	AutoSetIcon	
AssetIconCreatorSettings	bool	ClearMap	
AssetIconCreatorSettings	bool	CompressOutput	
AssetIconCreatorSettings	int	OutputSize	
AssetIconCreatorSettings	bool	SaveThumbnailsPermanently	
AssetIconCreatorSettings	string	ThumbnailsFolder	
AssetIconCreatorSettings	ProxyBinding	ToolKeyBinding	
AssetIconLibrarySettings	string	IconsStyle	
AssetIconLibrarySettings	bool	OverwriteIcons	
AssetMigrationUtilitySettings	bool	IsEnabled	
AssetUIManagerSettings	bool	BaseGameAssetPacks	TRUE
AssetUIManagerSettings	bool	BikewayInRoads	
AssetUIManagerSettings	bool	BridgesInRoads	
AssetUIManagerSettings	bool	EnableAssetPacks	TRUE
AssetUIManagerSettings	bool	IsGame	TRUE
AssetUIManagerSettings	bool	ParkingRoadsInRoads	
AssetUIManagerSettings	bool	PathwayInRoads	
AssetUIManagerSettings	int	PathwayPriorityDropdown	TRUE
AssetUIManagerSettings	int	PathwayPriorityDropdownVersion	TRUE
AssetUIManagerSettings	bool	PDXModsAssetPacks	TRUE
AssetUIManagerSettings	bool	PedestrianInPathway	
AssetUIManagerSettings	bool	QuaysInRoads	
AssetUIManagerSettings	bool	SeparateControlAndResearch	
AssetUIManagerSettings	bool	SeparatedCityParks	
AssetUIManagerSettings	bool	SeparatedHospitals	
AssetUIManagerSettings	bool	SeparatedPocketParks	
AssetUIManagerSettings	bool	SeparatedPolice	
AssetUIManagerSettings	bool	SeparatedSchools	
AssetUIManagerSettings	bool	VerboseLogging	TRUE
AssetVariationChangerSettings	bool	EnableVariationChooser	
AssetVariationChangerSettings	bool	LineToolCompatibility	
AssetVariationChangerSettings	ProxyBinding	NextVariationBinding	
AssetVariationChangerSettings	ProxyBinding	PreviousVariationBinding	
AssetVariationChangerSettings	ProxyBinding	ToggleVariationChooser	
AssetVariationChangerSettings	bool	TreeControllerCompatibility	
AutoDistrictNameStationsSettings	bool	allowStreetnaming	
AutoDistrictNameStationsSettings	bool	allowUnique	
AutoDistrictNameStationsSettings	bool	changeDeathsCare	
AutoDistrictNameStationsSettings	bool	changeFirestation	
AutoDistrictNameStationsSettings	bool	changeGarbage	
AutoDistrictNameStationsSettings	bool	changeHospital	
AutoDistrictNameStationsSettings	bool	changePark	
AutoDistrictNameStationsSettings	bool	changeParking	
AutoDistrictNameStationsSettings	bool	changePolice	
AutoDistrictNameStationsSettings	bool	changePost	
AutoDistrictNameStationsSettings	bool	changeSchool	
AutoDistrictNameStationsSettings	bool	changeShelter	
AutoDistrictNameStationsSettings	bool	changeStations	
AutoDistrictNameStationsSettings	int	deathsCareApplyTo	
AutoDistrictNameStationsSettings	int	firestationApplayTo	
AutoDistrictNameStationsSettings	int	garbageApplyTo	
AutoDistrictNameStationsSettings	int	hospitalApplyTo	
AutoDistrictNameStationsSettings	int	parkApplyTo	
AutoDistrictNameStationsSettings	int	parkingApplyTo	
AutoDistrictNameStationsSettings	int	policeApplyTo	
AutoDistrictNameStationsSettings	int	postApplyTo	
AutoDistrictNameStationsSettings	int	schoolApplyTo	
AutoDistrictNameStationsSettings	int	shelterApplyTo	
AutoDistrictNameStationsSettings	string	stationFormat	
AutoDistrictNameStationsSettings	int	stationsApplyTo	
AutomaticBulldozeAndRepairSettings	bool	BulldozeAbandoned	
AutomaticBulldozeAndRepairSettings	bool	BulldozeCondemned	
AutomaticBulldozeAndRepairSettings	bool	BulldozeDestroyed	
AutomaticBulldozeAndRepairSettings	bool	BulldozeFlooded	
AutomaticBulldozeAndRepairSettings	bool	EnableAutoBulldoze	
AutomaticBulldozeAndRepairSettings	bool	EnableAutoRepair	
AutomaticBulldozeAndRepairSettings	IntervalType	IntervalType	
AutomaticBulldozeAndRepairSettings	int	NumberOfBuildings	
AutomaticBulldozeAndRepairSettings	bool	ShowCounters	
AutoVehicleRenamerSettings	bool	EnableDefault	
AutoVehicleRenamerSettings	bool	EnableVerbose	
AutoVehicleRenamerSettings	bool	IsDetailedDescriptionsRunning	
AutoVehicleRenamerSettings	bool	IsInGameOrEditor	TRUE
AutoVehicleRenamerSettings	string	Separator	
AutoVehicleRenamerSettings	TextFormatEnum	TextFormat	
BetterBulldozerSettings	bool	AllowRemovingExtensions	
BetterBulldozerSettings	bool	AllowRemovingSubElementNetworks	
BetterBulldozerSettings	bool	AutomaticRemovalBrandingObjects	
BetterBulldozerSettings	bool	AutomaticRemovalFencesAndHedges	
BetterBulldozerSettings	bool	AutomaticRemovalManicuredGrass	
BetterBulldozerSettings	BetterBulldozerUISystem.SelectionMode	PreviousSelectionMode	TRUE
BetterMoonLightSettings	float	AmbientLight	
BetterMoonLightSettings	float	AuroraIntensity	
BetterMoonLightSettings	int	AuroraOverwriteLevel	
BetterMoonLightSettings	bool	Contra	
BetterMoonLightSettings	bool	DoZRotation	
BetterMoonLightSettings	float	MoonDirectionalLight	
BetterMoonLightSettings	float	MoonDiskIntensity	
BetterMoonLightSettings	float	MoonDiskSize	
BetterMoonLightSettings	float	MoonLightAveragerStrength	
BetterMoonLightSettings	bool	MoonLightIntensityBalance	
BetterMoonLightSettings	float	MoonTemperature	
BetterMoonLightSettings	float	NightLightTemperature	
BetterMoonLightSettings	float	NightSkyLight	
BetterMoonLightSettings	bool	OverrideTexture	
BetterMoonLightSettings	bool	OverwriteNightLighting	
BetterMoonLightSettings	string	SelectedTexture	
BetterMoonLightSettings	bool	ShowOptionsInDeveloperPanel	
BetterMoonLightSettings	float	StarfieldEmmisionStrength	
BetterMoonLightSettings	float	ZRotation	
BetterTransitViewSettings	bool	DefaultAirplaneVisible	
BetterTransitViewSettings	bool	DefaultBusVisible	
BetterTransitViewSettings	bool	DefaultCargoVisible	
BetterTransitViewSettings	bool	DefaultShipVisible	
BetterTransitViewSettings	bool	DefaultSubwayVisible	
BetterTransitViewSettings	bool	DefaultTrainVisible	
BetterTransitViewSettings	bool	DefaultTramVisible	
BetterTransitViewSettings	bool	MapModeActivatedByDefault	
BetterTransitViewSettings	bool	ShowAverageWaitTime	
BetterTransitViewSettings	ProxyBinding	ToggleToolBinding	
BeyondNumbersSettings	bool	EnableMoneyTooltip	
BeyondNumbersSettings	bool	HideDate	
BeyondNumbersSettings	bool	HideDemand	
BeyondNumbersSettings	bool	HidePopulation	
BeyondNumbersSettings	bool	HideTime	
BeyondNumbersSettings	bool	ShowMoneyTrendHourly	
BeyondNumbersSettings	bool	ShowMoneyTrendMonthly	
BeyondNumbersSettings	bool	ShowPopTrendHourly	
BeyondNumbersSettings	bool	ShowPopTrendMonthly	
BeyondNumbersSettings	bool	ShowTooltipExpense	
BeyondNumbersSettings	bool	ShowTooltipHourlyValues	
BeyondNumbersSettings	bool	ShowTooltipIncome	
BeyondNumbersSettings	bool	ShowTooltipMonthlyValues	
BeyondNumbersSettings	bool	ShowTooltipNet	
BoundaryLinesModifierSettings	string	CityBorderColor	
BoundaryLinesModifierSettings	float	Length	
BoundaryLinesModifierSettings	string	MapBorderColor	
BoundaryLinesModifierSettings	float	Width	
BrushSizeUnlimiterSettings	bool	BrushPreviewMod	
BrushSizeUnlimiterSettings	int	MakeSureSave	TRUE
BrushSizeUnlimiterSettings	float	MaxBrushSize	
BuildingHeightAndFootprintSettings	HeightUnitKind	HeightUnit	
BuildingHeightAndFootprintSettings	int	SeaLevelOffsetMeters	
BuildingUsageTrackerSettings	bool	showBuildingOccupancy	
BuildingUsageTrackerSettings	bool	showDetailedBuildingOccupancy	
BuildingUsageTrackerSettings	bool	showDetailedEnrouteCimCounts	
BuildingUsageTrackerSettings	bool	showDetailedEnrouteVehicleCounts	
BuildingUsageTrackerSettings	bool	showEnrouteCimCounts	
BuildingUsageTrackerSettings	bool	showEnrouteVehicleCounts	
BuildingUseSettings	bool	ColorSpecializedIndustryLots	
BuildingUseSettings	bool	CountVehiclesInMaintenance	
BuildingUseSettings	bool	CountVehiclesInUse	
BuildingUseSettings	bool	EfficiencyMaxColor200Percent	
BuildingUseSettings	ProductionInfoviewColorChoice	ProductionInfoviewColor	
BuildingUseSettings	bool	ProductionMaxColor200Percent	
BuildingUseSettings	bool	ReverseColors	
BuildingUseSettings	ServiceBuildingColorChoice	ServiceBuildingColor	
BuildingUseSettings	ZonedBuildingColorChoice	ZonedBuildingColor	
CameraDragSettings	ButtonMode	AllowLeftMouseButton	
CameraDragSettings	ButtonMode	AllowMiddleMouseButton	
CameraDragSettings	ButtonMode	AllowRightMouseButton	
CameraDragSettings	float	Sensitivity	
CameraDragSettings	float	Smoothing	
CameraFieldOfViewSettings	int	FieldOfView	
CartoSettings	string	CustomDirectory	
CartoSettings	string	CustomNamingFormat	
CartoSettings	IO.GeoTiffFormat	ExportGeoTiffFormat	
CartoSettings	IO.NamingFormat	ExportNamingFormat	
CartoSettings	int	ExportVectorFormat	
CartoSettings	bool	FeatureBuilding	
CartoSettings	bool	FeatureDistrict	
CartoSettings	bool	FeatureExtractor	
CartoSettings	bool	FeatureLandfill	
CartoSettings	bool	FeatureMapTile	
CartoSettings	bool	FeaturePathway	
CartoSettings	bool	FeaturePOIPrivate	
CartoSettings	bool	FeaturePOIPublic	
CartoSettings	bool	FeaturePOITransport	
CartoSettings	bool	FeaturePOIUtility	
CartoSettings	bool	FeatureRoad	
CartoSettings	bool	FeatureRouteCargo	
CartoSettings	bool	FeatureRoutePassenger	
CartoSettings	bool	FeatureRunwayAndTaxiway	
CartoSettings	bool	FeatureTerrain	
CartoSettings	bool	FeatureTrack	
CartoSettings	bool	FeatureWater	
CartoSettings	bool	FeatureWaterway	
CartoSettings	bool	GeometryBoundaryArea	
CartoSettings	bool	GeometryBoundaryBuilding	
CartoSettings	bool	GeometryBoundaryNetwork	
CartoSettings	bool	GeometryBoundaryZoning	
CartoSettings	bool	GeometryCenterlineNetwork	
CartoSettings	bool	GeometryCenterlineRoute	
CartoSettings	bool	GeometryDepthWater	
CartoSettings	bool	GeometryElevationTerrain	
CartoSettings	bool	GeometryInactiveRoute	
CartoSettings	bool	GeometryLocationPOI	
CartoSettings	bool	GeometrySeparateServiceUpgrade	
CartoSettings	bool	GeometryUnzoned	
CartoSettings	bool	GeometryWorldDepthWater	
CartoSettings	bool	GeometryWorldElevationTerrain	
CartoSettings	bool	OutputElevation	
CartoSettings	bool	OutputMinimizedGeoJSON	
CartoSettings	bool	PlayCompletionSound	
CartoSettings	int	PropertiesSystemSelector	
CartoSettings	bool	PropertyAddressBuilding	
CartoSettings	bool	PropertyAddressPOI	
CartoSettings	bool	PropertyAgeArea	
CartoSettings	bool	PropertyAgeBuilding	
CartoSettings	bool	PropertyAreaArea	
CartoSettings	bool	PropertyAssetBuilding	
CartoSettings	bool	PropertyAssetNetwork	
CartoSettings	bool	PropertyBrandBuilding	
CartoSettings	bool	PropertyCategoryBuilding	
CartoSettings	IO.Display	PropertyCategoryBuildingDisplayMode	
CartoSettings	bool	PropertyCategoryNetwork	
CartoSettings	IO.Display	PropertyCategoryNetworkDisplayMode	
CartoSettings	bool	PropertyCategoryPOI	
CartoSettings	IO.Display	PropertyCategoryPOIDisplayMode	
CartoSettings	IO.RoadClassification	PropertyCategoryRoadClassification	
CartoSettings	bool	PropertyColorRoute	
CartoSettings	bool	PropertyColorZcc	
CartoSettings	bool	PropertyColorZoning	
CartoSettings	bool	PropertyCompanyArea	
CartoSettings	bool	PropertyDensityZoning	
CartoSettings	bool	PropertyDirectionNetwork	
CartoSettings	bool	PropertyElevationBuilding	
CartoSettings	bool	PropertyElevationNetwork	
CartoSettings	bool	PropertyEmployeeArea	
CartoSettings	bool	PropertyEmployeeBuilding	
CartoSettings	bool	PropertyFormNetwork	
CartoSettings	bool	PropertyGeneralHomeless	
CartoSettings	bool	PropertyGeneralMapTileStatistics	
CartoSettings	bool	PropertyHouseholdArea	
CartoSettings	bool	PropertyHouseholdBuilding	
CartoSettings	bool	PropertyLaborArea	
CartoSettings	bool	PropertyLaborBuilding	
CartoSettings	bool	PropertyLaneNetwork	
CartoSettings	bool	PropertyLengthNetwork	
CartoSettings	bool	PropertyLengthRoute	
CartoSettings	bool	PropertyLevelBuilding	
CartoSettings	bool	PropertyLimitNetwork	
CartoSettings	bool	PropertyModelRoute	
CartoSettings	bool	PropertyNameArea	
CartoSettings	bool	PropertyNameBuilding	
CartoSettings	bool	PropertyNameNetwork	
CartoSettings	bool	PropertyNamePOI	
CartoSettings	bool	PropertyNameRoute	
CartoSettings	bool	PropertyNameZoning	
CartoSettings	bool	PropertyObjectArea	
CartoSettings	bool	PropertyObjectBuilding	
CartoSettings	bool	PropertyObjectNetwork	
CartoSettings	bool	PropertyObjectPOI	
CartoSettings	bool	PropertyObjectRoute	
CartoSettings	bool	PropertyObjectZoning	
CartoSettings	bool	PropertyPassengerPet	
CartoSettings	bool	PropertyPassengerRoute	
CartoSettings	bool	PropertyProductBuilding	
CartoSettings	bool	PropertyProfitArea	
CartoSettings	bool	PropertyProfitBuilding	
CartoSettings	bool	PropertyResidentArea	
CartoSettings	bool	PropertyResidentBuilding	
CartoSettings	bool	PropertyResidentSeparateBySex	
CartoSettings	bool	PropertyRouteRoute	
CartoSettings	bool	PropertyRouteXtm	
CartoSettings	bool	PropertySexRatioArea	
CartoSettings	bool	PropertySexRatioBuilding	
CartoSettings	bool	PropertyStopRoute	
CartoSettings	bool	PropertyThemeAssetPack	
CartoSettings	bool	PropertyThemeBuilding	
CartoSettings	bool	PropertyThemeZoning	
CartoSettings	bool	PropertyTransportRoute	
CartoSettings	bool	PropertyUnlockedArea	
CartoSettings	bool	PropertyUsageRoute	
CartoSettings	bool	PropertyVehicleRoute	
CartoSettings	bool	PropertyVolumeNetwork	
CartoSettings	bool	PropertyWageArea	
CartoSettings	bool	PropertyWageBuilding	
CartoSettings	bool	PropertyWageTaxable	
CartoSettings	bool	PropertyWeightRoute	
CartoSettings	bool	PropertyWidthNetwork	
CartoSettings	bool	PropertyZoneBuilding	
CartoSettings	bool	PropertyZoningBuilding	
CartoSettings	IO.Display	PropertyZoningDisplayMode	
CartoSettings	bool	PropertyZoningZoning	
CartoSettings	bool	ShowCompletionDialog	
CartoSettings	IO.CRS	SourceCRS	
CartoSettings	string	SourceCRSFalseEasting	
CartoSettings	string	SourceCRSFalseNorthing	
CartoSettings	string	SourceCRSOriginLatitude	
CartoSettings	string	SourceCRSOriginLongitude	
CartoSettings	string	SourceCRSScaleFactor	
CartoSettings	string	SourceCRSTransform	
CartoSettings	IO.Ellipsoid	SourceEllipsoid	
CartoSettings	string	SourceEllipsoidInverseFlattening	
CartoSettings	string	SourceEllipsoidSemiMajorAxis	
CartoSettings	Geodata.Hemisphere	SourceHemisphere	
CartoSettings	string	SourceUTMZone	
CartoSettings	string	SourceXCoord	
CartoSettings	string	SourceYCoord	
CartoSettings	bool	SystemArea	
CartoSettings	bool	SystemBuilding	
CartoSettings	bool	SystemNetwork	
CartoSettings	bool	SystemPOI	
CartoSettings	bool	SystemRoute	
CartoSettings	bool	SystemZoning	
ChangeCompanySettings	bool	KeepWorkplacesOverrideAfterChange	
ChangeCompanySettings	bool	LockAfterChange	
ChangeCompanySettings	bool	LockAllCompanies	
ChangeCompanySettings	ProxyBinding	ProductionBalanceActivationKey	
ChangeCompanySettings	int	ProductionBalanceCheckIntervalIndustrial	
ChangeCompanySettings	int	ProductionBalanceCheckIntervalOffice	
ChangeCompanySettings	bool	ProductionBalanceEnabledIndustrial	
ChangeCompanySettings	bool	ProductionBalanceEnabledOffice	
ChangeCompanySettings	bool	ProductionBalanceHideActivationButton	
ChangeCompanySettings	int	ProductionBalanceMaximumCompanyProductionIndustrial	
ChangeCompanySettings	int	ProductionBalanceMaximumCompanyProductionOffice	
ChangeCompanySettings	int	ProductionBalanceMinimumCompaniesIndustrial	
ChangeCompanySettings	int	ProductionBalanceMinimumCompaniesOffice	
ChangeCompanySettings	int	ProductionBalanceMinimumStandardDeviationIndustrial	
ChangeCompanySettings	int	ProductionBalanceMinimumStandardDeviationOffice	
ChangeCompanySettings	int	ProductionBalancePanelPositionX	
ChangeCompanySettings	int	ProductionBalancePanelPositionY	
ChangeCompanySettings	bool	ProductionBalancePanelVisible	
ChangeCompanySettings	int	WorkplacesOverrideValue	TRUE
ChirpGPTSettings	int	CacheSlider	
ChirpGPTSettings	OptionFrequency	Cursing	
ChirpGPTSettings	CompletionProviderEnum	EnumDropdown	
ChirpGPTSettings	int	FrequencySlider	
ChirpGPTSettings	string	GoogleaiAPIKey	TRUE
ChirpGPTSettings	string	GoogleaiAPIkeyEncrypted	TRUE
ChirpGPTSettings	OptionFrequency	Hashtags	
ChirpGPTSettings	string	Keywords	
ChirpGPTSettings	string	MistralAPIKey	TRUE
ChirpGPTSettings	string	MistralAPIkeyEncrypted	TRUE
ChirpGPTSettings	OptionFrequency	SelfAware	
ChirpGPTSettings	int	UsesSlider	
CimRouteHighlighterSettings	bool	highlightDestinations	
CimRouteHighlighterSettings	bool	highlightEmployeeCommuters	
CimRouteHighlighterSettings	bool	highlightEmployeeResidences	
CimRouteHighlighterSettings	bool	highlightRoutes	
CimRouteHighlighterSettings	bool	highlightSelected	
CimRouteHighlighterSettings	bool	highlightSelectedTransitVehiclePassengerRoutes	
CimRouteHighlighterSettings	bool	highlightStudentResidences	
CimRouteHighlighterSettings	bool	highlightWorkplaces	
CimRouteHighlighterSettings	bool	incomingRoutes	
CimRouteHighlighterSettings	bool	incomingRoutesTransit	
CimRouteHighlighterSettings	float	pedestrianRouteWidth	
CimRouteHighlighterSettings	float	routeOpacity	
CimRouteHighlighterSettings	float	routeOpacityMultilier	
CimRouteHighlighterSettings	bool	showCountsOnInfoPanel	
CimRouteHighlighterSettings	bool	showToolIconsInUI	
CimRouteHighlighterSettings	int	threadBatchSize	
CimRouteHighlighterSettings	ProxyBinding	toggleAllBinding	
CimRouteHighlighterSettings	ProxyBinding	toggleBuildingsBinding	
CimRouteHighlighterSettings	ProxyBinding	togglePathDisplayBinding	
CimRouteHighlighterSettings	ProxyBinding	toggleRouteToolBinding	
CimRouteHighlighterSettings	float	vehicleRouteWidth	
CitizenModelManagerSettings	string	Adult_Female_Cold	
CitizenModelManagerSettings	string	Adult_Female_Homeless	
CitizenModelManagerSettings	string	Adult_Female_Warm	
CitizenModelManagerSettings	string	Adult_Male_Cold	
CitizenModelManagerSettings	string	Adult_Male_Homeless	
CitizenModelManagerSettings	string	Adult_Male_Warm	
CitizenModelManagerSettings	string	Child_Female_Cold	
CitizenModelManagerSettings	string	Child_Female_Warm	
CitizenModelManagerSettings	string	Child_Male_Cold	
CitizenModelManagerSettings	string	Child_Male_Warm	
CitizenModelManagerSettings	string	Elderly_Female_Cold	
CitizenModelManagerSettings	string	Elderly_Female_Homeless	
CitizenModelManagerSettings	string	Elderly_Female_Warm	
CitizenModelManagerSettings	string	Elderly_Male_Cold	
CitizenModelManagerSettings	string	Elderly_Male_Homeless	
CitizenModelManagerSettings	string	Elderly_Male_Warm	
CitizenModelManagerSettings	int	SetVersion	TRUE
CitizenModelManagerSettings	string	Teen_Female_Cold	
CitizenModelManagerSettings	string	Teen_Female_Warm	
CitizenModelManagerSettings	string	Teen_Male_Cold	
CitizenModelManagerSettings	string	Teen_Male_Warm	
CityControllerSettings	bool	AchievementsEnabled	
CityControllerSettings	ProxyBinding	AddMoneyKeyboardBinding	
CityControllerSettings	bool	AutomaticAddMoney	
CityControllerSettings	int	AutomaticAddMoneyAmount	
CityControllerSettings	int	AutomaticAddMoneyThreshold	
CityControllerSettings	bool	BuildingAbandonedCollapsedNotification	
CityControllerSettings	bool	BuildingAbandonedNotification	
CityControllerSettings	bool	BuildingCondemnedNotification	
CityControllerSettings	bool	BuildingHighRentNotification	
CityControllerSettings	bool	BuildingTurnedOffNotification	
CityControllerSettings	bool	CompanyNoCustomersNotification	
CityControllerSettings	bool	CompanyNoInputsNotification	
CityControllerSettings	bool	CustomMilestone	
CityControllerSettings	ProxyBinding	DebugKeyboardBinding	
CityControllerSettings	bool	DisasterDestroyedNotification	
CityControllerSettings	bool	DisasterWaterDamageNotification	
CityControllerSettings	bool	DisasterWaterDestroyedNotification	
CityControllerSettings	bool	DisasterWeatherDamageNotification	
CityControllerSettings	bool	DisasterWeatherDestroyedNotification	
CityControllerSettings	bool	ElectricityBatteryEmptyNotification	
CityControllerSettings	bool	ElectricityBottleneckNotification	
CityControllerSettings	bool	ElectricityBuildingBottleneckNotification	
CityControllerSettings	bool	ElectricityElectricityNotification	
CityControllerSettings	bool	ElectricityHighVoltageNotConnected	
CityControllerSettings	bool	ElectricityLowVoltageNotConnected	
CityControllerSettings	bool	ElectricityNotEnoughConnectedNotification	
CityControllerSettings	bool	ElectricityNotEnoughProductionNotification	
CityControllerSettings	bool	ElectricityTransformerNotification	
CityControllerSettings	bool	FireBurnedDownNotification	
CityControllerSettings	bool	FireFireNotification	
CityControllerSettings	bool	GarbageFacilityFullNotification	
CityControllerSettings	bool	GarbageGarbageNotification	
CityControllerSettings	bool	HealthcareAmbulanceNotification	
CityControllerSettings	bool	HealthcareFacilityFullNotification	
CityControllerSettings	bool	HealthcareHearseNotification	
CityControllerSettings	int	InitialMoney	
CityControllerSettings	int	ManualMoneyAmount	
CityControllerSettings	int	MilestoneLevel	
CityControllerSettings	NotificationSetting	Notification	TRUE
CityControllerSettings	class	NotificationSetting	TRUE
CityControllerSettings	bool	PoliceCrimeSceneNotification	
CityControllerSettings	bool	PoliceTrafficAccidentNotification	
CityControllerSettings	bool	PollutionAirPollutionNotification	
CityControllerSettings	bool	PollutionGroundPollutionNotification	
CityControllerSettings	bool	PollutionNoisePollutionNotification	
CityControllerSettings	bool	ResourceConsumerNoResourceNotification	
CityControllerSettings	bool	RoutePathfindNotification	
CityControllerSettings	ProxyBinding	SubtractMoneyKeyboardBinding	
CityControllerSettings	bool	TrafficBottleneckNotification	
CityControllerSettings	bool	TrafficCarConnectionNotification	
CityControllerSettings	bool	TrafficDeadEndNotification	
CityControllerSettings	bool	TrafficPedestrianConnectionNotification	
CityControllerSettings	bool	TrafficRoadConnectionNotification	
CityControllerSettings	bool	TrafficShipConnectionNotification	
CityControllerSettings	bool	TrafficTrackConnectionNotification	
CityControllerSettings	bool	TrafficTrainConnectionNotification	
CityControllerSettings	bool	TransportLineVehicleNotification	
CityControllerSettings	bool	WaterPipeDirtyWaterNotification	
CityControllerSettings	bool	WaterPipeDirtyWaterPumpNotification	
CityControllerSettings	bool	WaterPipeNotEnoughGroundwaterNotification	
CityControllerSettings	bool	WaterPipeNotEnoughSewageCapacityNotification	
CityControllerSettings	bool	WaterPipeNotEnoughSurfaceWaterNotification	
CityControllerSettings	bool	WaterPipeNotEnoughWaterCapacityNotification	
CityControllerSettings	bool	WaterPipeSewageNotification	
CityControllerSettings	bool	WaterPipeSewagePipeNotConnectedNotification	
CityControllerSettings	bool	WaterPipeWaterNotification	
CityControllerSettings	bool	WaterPipeWaterPipeNotConnectedNotification	
CityControllerSettings	bool	WorkProviderEducatedNotification	
CityControllerSettings	bool	WorkProviderUneducatedNotification	
CityServiceCapacityAdjusterSettings	int	CarForbiddenCostSlider	
CityServiceCapacityAdjusterSettings	int	CargoTruckSlider	
CityServiceCapacityAdjusterSettings	int	CarLaneCrossCostSlider	
CityServiceCapacityAdjusterSettings	int	CarUnsafeTurningCostSlider	
CityServiceCapacityAdjusterSettings	int	CarUnsafeUTurnCostSlider	
CityServiceCapacityAdjusterSettings	int	CarUTurnCostSlider	
CityServiceCapacityAdjusterSettings	float	CollegeSlider	
CityServiceCapacityAdjusterSettings	float	CrematoriumCapcitySlider	
CityServiceCapacityAdjusterSettings	float	CrematoriumHearseSlider	
CityServiceCapacityAdjusterSettings	float	CrematoriumSpeedSlider	
CityServiceCapacityAdjusterSettings	float	DepotCapacityBusSlider	
CityServiceCapacityAdjusterSettings	float	DepotCapacitySubwaySlider	
CityServiceCapacityAdjusterSettings	float	DepotCapacityTaxiSlider	
CityServiceCapacityAdjusterSettings	float	DepotCapacityTrainSlider	
CityServiceCapacityAdjusterSettings	float	DepotCapacityTramSlider	
CityServiceCapacityAdjusterSettings	float	ElementrySchoolSlider	
CityServiceCapacityAdjusterSettings	bool	FixMailOverflow	
CityServiceCapacityAdjusterSettings	int	GarbageTruckCapacitySlider	
CityServiceCapacityAdjusterSettings	float	HighSchoolSlider	
CityServiceCapacityAdjusterSettings	int	PedestrianCrosswalkReduction	
CityServiceCapacityAdjusterSettings	float	PeopleCapacityAirplaneSlider	
CityServiceCapacityAdjusterSettings	float	PeopleCapacityBusSlider	
CityServiceCapacityAdjusterSettings	float	PeopleCapacityShipSlider	
CityServiceCapacityAdjusterSettings	float	PeopleCapacitySubwaySlider	
CityServiceCapacityAdjusterSettings	float	PeopleCapacityTaxiSlider	
CityServiceCapacityAdjusterSettings	float	PeopleCapacityTrainSlider	
CityServiceCapacityAdjusterSettings	float	PeopleCapacityTramSlider	
CityServiceCapacityAdjusterSettings	int	PostSortingSlider	
CityServiceCapacityAdjusterSettings	float	UniversitySlider	
CityStatsSettings	bool	ModButtonVisible	
CityStatsSettings	bool	PanelOpenOnLoad	
CityStatsSettings	StatsPanelOrientation	PanelOrientation	
CityStatsSettings	float2	PanelPosition	TRUE
CityStatsSettings	bool	PanelShowSectionDividers	
CityStatsSettings	ProxyBinding	TogglePanelBinding	
CityWatchdogSettings	ProxyBinding	AddMoneyKeyboardBinding	
CityWatchdogSettings	bool	AutomaticAddMoney	
CityWatchdogSettings	int	AutomaticAddMoneyAmount	
CityWatchdogSettings	int	AutomaticAddMoneyThreshold	
CityWatchdogSettings	bool	BuildingAbandonedCollapsedNotification	
CityWatchdogSettings	bool	BuildingAbandonedNotification	
CityWatchdogSettings	bool	BuildingCondemnedNotification	
CityWatchdogSettings	bool	BuildingHighRentNotification	
CityWatchdogSettings	bool	BuildingTurnedOffNotification	
CityWatchdogSettings	bool	CompanyNoCustomersNotification	
CityWatchdogSettings	bool	CompanyNoInputsNotification	
CityWatchdogSettings	bool	ConfirmUnlimitedMoneySaveConversion	
CityWatchdogSettings	bool	CustomMilestone	
CityWatchdogSettings	bool	DisasterDestroyedNotification	
CityWatchdogSettings	bool	DisasterWaterDamageNotification	
CityWatchdogSettings	bool	DisasterWaterDestroyedNotification	
CityWatchdogSettings	bool	DisasterWeatherDamageNotification	
CityWatchdogSettings	bool	DisasterWeatherDestroyedNotification	
CityWatchdogSettings	bool	ElectricityBatteryEmptyNotification	
CityWatchdogSettings	bool	ElectricityBottleneckNotification	
CityWatchdogSettings	bool	ElectricityBuildingBottleneckNotification	
CityWatchdogSettings	bool	ElectricityElectricityNotification	
CityWatchdogSettings	bool	ElectricityHighVoltageNotConnected	
CityWatchdogSettings	bool	ElectricityLowVoltageNotConnected	
CityWatchdogSettings	bool	ElectricityNotEnoughConnectedNotification	
CityWatchdogSettings	bool	ElectricityNotEnoughProductionNotification	
CityWatchdogSettings	bool	ElectricityTransformerNotification	
CityWatchdogSettings	bool	FireBurnedDownNotification	
CityWatchdogSettings	bool	FireFireNotification	
CityWatchdogSettings	bool	GarbageFacilityFullNotification	
CityWatchdogSettings	bool	GarbageGarbageNotification	
CityWatchdogSettings	bool	HealthcareAmbulanceNotification	
CityWatchdogSettings	bool	HealthcareFacilityFullNotification	
CityWatchdogSettings	bool	HealthcareHearseNotification	
CityWatchdogSettings	int	InitialMoney	
CityWatchdogSettings	int	ManualMoneyAmount	
CityWatchdogSettings	int	MilestoneLevel	
CityWatchdogSettings	int	MoneyTooltipFontScale	
CityWatchdogSettings	int	MoneyTooltipMode	
CityWatchdogSettings	bool	MoneyView	
CityWatchdogSettings	int	MoneyViewMode	
CityWatchdogSettings	NotificationSetting	Notification	TRUE
CityWatchdogSettings	class	NotificationSetting	TRUE
CityWatchdogSettings	bool	PoliceCrimeSceneNotification	
CityWatchdogSettings	bool	PoliceTrafficAccidentNotification	
CityWatchdogSettings	bool	PollutionAirPollutionNotification	
CityWatchdogSettings	bool	PollutionGroundPollutionNotification	
CityWatchdogSettings	bool	PollutionNoisePollutionNotification	
CityWatchdogSettings	int	PopulationTooltipFontScale	
CityWatchdogSettings	bool	ResourceConnectionFishingPierNotConnectedNotification	
CityWatchdogSettings	bool	ResourceConnectionOilPipeNotConnectedNotification	
CityWatchdogSettings	bool	ResourceConnectionWarningNotification	
CityWatchdogSettings	bool	ResourceConsumerNoFuelNotification	
CityWatchdogSettings	bool	ResourceConsumerNoResourceNotification	
CityWatchdogSettings	bool	RouteGateBypassNotification	
CityWatchdogSettings	bool	RoutePathfindNotification	
CityWatchdogSettings	bool	ShowUsage	
CityWatchdogSettings	ProxyBinding	SubtractMoneyKeyboardBinding	
CityWatchdogSettings	ProxyBinding	ToggleNotificationPanelKeyboardBinding	
CityWatchdogSettings	ProxyBinding	ToggleNotificationsKeyboardBinding	
CityWatchdogSettings	bool	TrafficBicycleConnectionNotification	
CityWatchdogSettings	bool	TrafficBottleneckNotification	
CityWatchdogSettings	bool	TrafficCarConnectionNotification	
CityWatchdogSettings	bool	TrafficDeadEndNotification	
CityWatchdogSettings	bool	TrafficPedestrianConnectionNotification	
CityWatchdogSettings	bool	TrafficRoadConnectionNotification	
CityWatchdogSettings	bool	TrafficShipConnectionNotification	
CityWatchdogSettings	bool	TrafficTrackConnectionNotification	
CityWatchdogSettings	bool	TrafficTrainConnectionNotification	
CityWatchdogSettings	bool	TransportLineVehicleNotification	
CityWatchdogSettings	bool	WaterPipeDirtyWaterNotification	
CityWatchdogSettings	bool	WaterPipeDirtyWaterPumpNotification	
CityWatchdogSettings	bool	WaterPipeNotEnoughGroundwaterNotification	
CityWatchdogSettings	bool	WaterPipeNotEnoughSewageCapacityNotification	
CityWatchdogSettings	bool	WaterPipeNotEnoughSurfaceWaterNotification	
CityWatchdogSettings	bool	WaterPipeNotEnoughWaterCapacityNotification	
CityWatchdogSettings	bool	WaterPipeSewageNotification	
CityWatchdogSettings	bool	WaterPipeSewagePipeNotConnectedNotification	
CityWatchdogSettings	bool	WaterPipeWaterNotification	
CityWatchdogSettings	bool	WaterPipeWaterPipeNotConnectedNotification	
CityWatchdogSettings	bool	WorkProviderEducatedNotification	
CityWatchdogSettings	bool	WorkProviderUneducatedNotification	
CivicVoiceSettings	int	AdHocCooldownMonths	
CivicVoiceSettings	bool	ConcludeElection	TRUE
CivicVoiceSettings	int	CrimeRateThreshold	
CivicVoiceSettings	int	ElectionFrequencyMonths	
CivicVoiceSettings	int	EndorsementInfluencePercent	
CivicVoiceSettings	bool	ForceElection	TRUE
CivicVoiceSettings	int	HealthThreshold	
CivicVoiceSettings	int	HomelessThreshold	
CivicVoiceSettings	int	HousingDemandThreshold	
CivicVoiceSettings	int	MajorProjectMinPopulation	
CivicVoiceSettings	int	MaxActiveAdHocProposals	
CivicVoiceSettings	int	MaxActiveMajorProposals	
CivicVoiceSettings	int	MaxActiveMetricProposals	
CivicVoiceSettings	int	MetricProposalCooldownMonths	
CivicVoiceSettings	int	MinPopulationForElection	
CivicVoiceSettings	int	RejectedCooldownMonths	
CivicVoiceSettings	bool	ResetToDefaults	TRUE
CivicVoiceSettings	bool	ShowNotifications	
CivicVoiceSettings	int	UnemploymentThreshold	
CivicVoiceSettings	bool	UseUniversalModMenu	
CivicVoiceSettings	int	WellbeingThreshold	
ClearanceHelperSettings	float	RoadHeight	
ClearanceHelperSettings	float	SubwayTrackHeight	
ClearanceHelperSettings	ProxyBinding	ToggleOverlay	
ClearanceHelperSettings	float	TrainTrackHeight	
ClearanceHelperSettings	float	TramTrackHeight	
ClearanceHelperSettings	float	WaterwayHeight	
CollisionBeGoneSettings	bool	ClipCargo	
CollisionBeGoneSettings	bool	ClipEmergency	
CollisionBeGoneSettings	bool	ClipPersonal	
CollisionBeGoneSettings	int	ClippingMode	
CollisionBeGoneSettings	bool	ClipPublicTransport	
CollisionBeGoneSettings	bool	ClipService	
CollisionBeGoneSettings	bool	Enabled	
ColoredBikePathSettings	float	Brightness	
ColoredBikePathSettings	float	ColorIntensity	
ColoredBikePathSettings	bool	ColorMixedPaths	
ColoredBikePathSettings	BikePathColorPreset	ColorPreset	
ColoredBikePathSettings	float	CustomColorBlue	
ColoredBikePathSettings	float	CustomColorGreen	
ColoredBikePathSettings	string	CustomColorHex	
ColoredBikePathSettings	float	CustomColorRed	
ColoredBikePathSettings	bool	OnlyBikeLanesNotPedestrian	
ColoredBikePathSettings	float	Saturation	
ColoredBusLaneSettings	float	Brightness	
ColoredBusLaneSettings	float	ColorIntensity	
ColoredBusLaneSettings	BusLaneColorPreset	ColorPreset	
ColoredBusLaneSettings	float	CustomColorBlue	
ColoredBusLaneSettings	float	CustomColorGreen	
ColoredBusLaneSettings	string	CustomColorHex	
ColoredBusLaneSettings	float	CustomColorRed	
ColoredBusLaneSettings	bool	EnableColoring	
ColoredBusLaneSettings	float	Saturation	
ConfigXMLSettings	bool	_Hidden	TRUE
ConfigXMLSettings	bool	UseLocalConfig	
ConfigXMLSettings	bool	UseModPresets	
ConfigXMLSettings	bool	VerboseLogs	TRUE
CustomChirpsSettings	bool	disable_vanilla_chirps	
CustomChirpsSettings	bool	hide_vanilla_chirps_in_chirper_panel	
CustomRoadSnapSettings	float	SnapAngle	
CustomRoadSnapSettings	bool	SnapEnabled	
CustomRoadSnapSettings	ProxyBinding	ToggleSnapBinding	
CustomTourismSettings	int	Aggressiveness	
CustomTourismSettings	int	AirWeight	
CustomTourismSettings	string[]	OverridePrefabNames	
CustomTourismSettings	int[]	OverrideValues	
CustomTourismSettings	int	RoadWeight	
CustomTourismSettings	int	ShipWeight	
CustomTourismSettings	int	TargetTouristCount	
CustomTourismSettings	int	TrainWeight	
DCMilestoneRewardsSettings	bool	disableMilestoneRewards	
DemandMasterControlSettings	float	AvailableWorkplaceEffect	
DemandMasterControlSettings	float	CitizenOCSpawnParameters_Air	
DemandMasterControlSettings	float	CitizenOCSpawnParameters_Road	
DemandMasterControlSettings	float	CitizenOCSpawnParameters_Ship	
DemandMasterControlSettings	float	CitizenOCSpawnParameters_Train	
DemandMasterControlSettings	float	CommercialBaseDemand	
DemandMasterControlSettings	float	CommercialStorageEffect	TRUE
DemandMasterControlSettings	float	CommercialStorageMinimum	TRUE
DemandMasterControlSettings	float	CommuterOCSpawnParameters_Air	
DemandMasterControlSettings	float	CommuterOCSpawnParameters_Road	
DemandMasterControlSettings	float	CommuterOCSpawnParameters_Ship	
DemandMasterControlSettings	float	CommuterOCSpawnParameters_Train	
DemandMasterControlSettings	int	CommuterSlowSpawnFactor	
DemandMasterControlSettings	int	CommuterWorkerRatioLimit	
DemandMasterControlSettings	string	CurrentHappinessValue	
DemandMasterControlSettings	float	ExtractorBaseDemand	
DemandMasterControlSettings	int	FrameIntervalForSpawning_Com	
DemandMasterControlSettings	int	FrameIntervalForSpawning_Ind	
DemandMasterControlSettings	int	FrameIntervalForSpawning_Res	
DemandMasterControlSettings	float	FreeCommercialProportion	TRUE
DemandMasterControlSettings	float	FreeIndustrialProportion	TRUE
DemandMasterControlSettings	int	FreeResidentialRequirement_High	
DemandMasterControlSettings	int	FreeResidentialRequirement_Low	
DemandMasterControlSettings	int	FreeResidentialRequirement_Medium	
DemandMasterControlSettings	float	HappinessEffect	
DemandMasterControlSettings	float	HomelessEffect	
DemandMasterControlSettings	float	HotelRoomPercentRequirement	
DemandMasterControlSettings	float	HouseholdSpawnSpeedFactor	
DemandMasterControlSettings	float	IndustrialBaseDemand	
DemandMasterControlSettings	float	IndustrialStorageEffect	TRUE
DemandMasterControlSettings	float	IndustrialStorageMinimum	TRUE
DemandMasterControlSettings	bool	IsRealisticTripsRunning	
DemandMasterControlSettings	int	MinimumHappiness	
DemandMasterControlSettings	float	NeutralAvailableWorkplacePercentage	
DemandMasterControlSettings	int	NeutralHappiness	
DemandMasterControlSettings	int	NeutralHomelessness	
DemandMasterControlSettings	float	NeutralUnemployment	
DemandMasterControlSettings	float	NewCitizenEducationParameters_Educated	
DemandMasterControlSettings	float	NewCitizenEducationParameters_HighlyEducated	
DemandMasterControlSettings	float	NewCitizenEducationParameters_PoorlyEducated	
DemandMasterControlSettings	float	NewCitizenEducationParameters_Uneducated	
DemandMasterControlSettings	float	NewCitizenEducationParameters_WellEducated	
DemandMasterControlSettings	bool	NotGameMode	TRUE
DemandMasterControlSettings	float	StorageDemandMultiplier	TRUE
DemandMasterControlSettings	float	StudentEffect	
DemandMasterControlSettings	float	TaxEffect_x	
DemandMasterControlSettings	float	TaxEffect_y	
DemandMasterControlSettings	float	TaxEffect_z	
DemandMasterControlSettings	float	TeenSpawnPercentage	
DemandMasterControlSettings	float	TouristOCSpawnParameters_Air	
DemandMasterControlSettings	float	TouristOCSpawnParameters_Road	
DemandMasterControlSettings	float	TouristOCSpawnParameters_Ship	
DemandMasterControlSettings	float	TouristOCSpawnParameters_Train	
DemandMasterControlSettings	bool	vanillaDataSet	TRUE
DetailedDescriptionsSettings	bool	AvoidPublicTransportCapacityDuplication	
DetailedDescriptionsSettings	LengthUnitSetting	BuildingLotSizeUnit	
DetailedDescriptionsSettings	string	PublicTransportCapacityFormat	
DetailedDescriptionsSettings	SpeedUnitSetting	RoadSpeedLimitUnit	
DetailedDescriptionsSettings	bool	ShowBuildingLotSizes	
DetailedDescriptionsSettings	bool	ShowBuildingWorkplaces	
DetailedDescriptionsSettings	bool	ShowPublicTransportCapacity	
DetailedDescriptionsSettings	bool	ShowRoadSpeedLimit	
DetailedDescriptionsSettings	bool	ShowZoneLotSizes	
DisableAccidentsSettings	int	AccidentProbability	
DisableAccidentsSettings	bool	ModEnabled	
DisableHoverSettings	bool	DisableBlueHighLightOnBuildings	
DisableHoverSettings	bool	DisableUIToolTips	
DisablePlacementSwaySettings	bool	DisablePlacementSway	
EasyZoningSettings	bool	LegacyRightClickCycle	
EasyZoningSettings	bool	RemoveOccupiedCells	
EasyZoningSettings	string	RemovePreviewBorderStyle	
EasyZoningSettings	int	RemovePreviewEdgeOpacityPercent	
EasyZoningSettings	int	RemovePreviewFillOpacityPercent	
EasyZoningSettings	string	RemovePreviewFillStyle	
EasyZoningSettings	bool	RemoveZonedCells	
EasyZoningSettings	bool	ShowContourButton	
EasyZoningSettings	bool	ShowUsage	
EasyZoningSettings	ProxyBinding	ToggleZoneTool	
EasyZoningSettings	bool	UseGlassPanel	
EasyZoningSettings	bool	UseOrangeRemovePreviewEdge	
EconomyEXSettings	float	CompanyShoppingMaxCost	
EconomyEXSettings	int	CurrentPetCount	TRUE
EconomyEXSettings	bool	DisableWorldBackdrop	
EconomyEXSettings	EditorCollisionSkipMode	EditorCollisionSkip	
EconomyEXSettings	float	EmergencyMaxCost	
EconomyEXSettings	bool	EnableDemandEcoSystem	
EconomyEXSettings	bool	EnableEconomyFix	
EconomyEXSettings	bool	EnableHouseholdPropertyEcoSystem	
EconomyEXSettings	bool	EnableJobSearchEcoSystem	
EconomyEXSettings	bool	EnableRescueDebugLog	TRUE
EconomyEXSettings	bool	EnableResidentAIEcoSystem	
EconomyEXSettings	bool	EnableResourceBuyerEcoSystem	
EconomyEXSettings	bool	EnableVehicleRescue	TRUE
EconomyEXSettings	float	FindHomeMaxCost	
EconomyEXSettings	float	FindJobMaxCost	
EconomyEXSettings	float	FindSchoolCollegeMaxCost	
EconomyEXSettings	float	FindSchoolElementaryMaxCost	
EconomyEXSettings	float	FindSchoolHighSchoolMaxCost	
EconomyEXSettings	float	FindSchoolUniversityMaxCost	
EconomyEXSettings	int	HomelessSeekerCap	
EconomyEXSettings	int	HomeSeekerCap	
EconomyEXSettings	float	HouseholdResourceDemandMultiplier	
EconomyEXSettings	int	JobSeekerCap	
EconomyEXSettings	int	LandValueEnvironmentEffect	
EconomyEXSettings	int	LandValueFactorCommercial	
EconomyEXSettings	int	LandValueFactorIndustrial	
EconomyEXSettings	int	LandValueFactorResidential	
EconomyEXSettings	float	LeisureMaxCost	
EconomyEXSettings	int	LevelFactorCommercial	
EconomyEXSettings	int	LevelFactorIndustrial	
EconomyEXSettings	int	LevelFactorResidential	
EconomyEXSettings	bool	NoDogsGeneration	
EconomyEXSettings	bool	NoDogsOnStreet	
EconomyEXSettings	bool	NoDogsPurge	
EconomyEXSettings	bool	NoThroughTraffic	
EconomyEXSettings	int	PathfindRequestCap	
EconomyEXSettings	string	PopDiagData	TRUE
EconomyEXSettings	int	RentMultiplierCommercial	
EconomyEXSettings	int	RentMultiplierIndustrial	
EconomyEXSettings	int	RentMultiplierResidential	
EconomyEXSettings	int	ServiceBonusCapMultiplier	
EconomyEXSettings	float	ShoppingMaxCost	
EconomyEXSettings	float	ShoppingTrafficReduction	
EconomyEXSettings	string	StatusInfo	
EconomyEXSettings	WaterSimQualitySetting	WaterSimQuality	
EmergencyGhostsSettings	bool	EmergencyOnly	
EmergencyGhostsSettings	bool	Enabled	
EmergencyGhostsSettings	float	SpeedMultiplier	
EventsControllerSettings	bool	BuildingCollapseOccurenceToggle	
EventsControllerSettings	float	BuildingFireEscalationRate	
EventsControllerSettings	float	BuildingFireSpreadProbability	
EventsControllerSettings	float	BuildingFireSpreadRange	
EventsControllerSettings	float	BuildingFireStartIntensity	
EventsControllerSettings	bool	BuildingFireToggle	
EventsControllerSettings	float	DurationMax	
EventsControllerSettings	float	DurationMin	
EventsControllerSettings	bool	EnableSummerFireIncrease	
EventsControllerSettings	bool	EnableWeatherEffectsOnFires	
EventsControllerSettings	float	ForestFireEscalationRate	
EventsControllerSettings	float	ForestFireSpreadProbability	
EventsControllerSettings	float	ForestFireSpreadRange	
EventsControllerSettings	float	ForestFireStartIntensity	
EventsControllerSettings	bool	ForestFireToggle	
EventsControllerSettings	float	HSDamageSeverity	
EventsControllerSettings	float	HSDurationMax	
EventsControllerSettings	float	HSDurationMin	
EventsControllerSettings	bool	HsOccurenceToggle	
EventsControllerSettings	float	HSRainMax	
EventsControllerSettings	float	HSRainMin	
EventsControllerSettings	float	HSTemperatureMax	
EventsControllerSettings	float	HSTemperatureMin	
EventsControllerSettings	float	HSTrafficAccidentOccurenceProbability	
EventsControllerSettings	bool	LCAAccidentOccurenceToggle	
EventsControllerSettings	bool	LCAFireStartProbabilityToggle	
EventsControllerSettings	float	LightningFireEscalationRate	
EventsControllerSettings	float	LightningFireSpreadProbability	
EventsControllerSettings	float	LightningFireSpreadRange	
EventsControllerSettings	float	LightningFireStartIntensity	
EventsControllerSettings	float	LightningFireStartProbability	
EventsControllerSettings	float	LightningIntervalMax	
EventsControllerSettings	float	LightningIntervalMin	
EventsControllerSettings	bool	LightningStrikeOccurenceToggle	
EventsControllerSettings	float	OccurenceProbabilityMax	
EventsControllerSettings	float	OccurenceProbabilityMin	
EventsControllerSettings	float	OccurenceTemperatureMax	
EventsControllerSettings	float	OccurenceTemperatureMin	
EventsControllerSettings	float	RecurrenceProbabilityMax	
EventsControllerSettings	float	RecurrenceProbabilityMin	
EventsControllerSettings	bool	RobberyOccurenceToggle	
EventsControllerSettings	float	TornadoDamageSeverity	
EventsControllerSettings	float	TornadoDurationMax	
EventsControllerSettings	float	TornadoDurationMin	
EventsControllerSettings	float	TornadoOccurenceRainMax	
EventsControllerSettings	float	TornadoOccurenceRainMin	
EventsControllerSettings	float	TornadoOccurenceTemperatureMax	
EventsControllerSettings	float	TornadoOccurenceTemperatureMin	
EventsControllerSettings	bool	TornadoOccurenceToggle	
EventsControllerSettings	float	TornadoTrafficAccidentOccurenceProbability	
EXRScreenshotSettings	AccumulationFramesEnum	AccumulationFramesDropdown	
EXRScreenshotSettings	CompressionMethodEnum	CompressionDropdown	
EXRScreenshotSettings	bool	DebugLogging	TRUE
EXRScreenshotSettings	ProxyBinding	KeyTakeScreenshot	
EXRScreenshotSettings	bool	MetadataLogging	
EXRScreenshotSettings	ScreenshotMethodEnum	ModeDropdown	
EXRScreenshotSettings	float	SupersampleScale	
EXRScreenshotSettings	bool	TakeSuperResolution	
ExtendedTooltipSettings	DisplayMode	DisplayMode	
ExtendedTooltipSettings	int	DisplayModeDelay	
ExtendedTooltipSettings	bool	DisplayModeDelayOnMoveables	
ExtendedTooltipSettings	int	DisplayModeHotkey	
ExtendedTooltipSettings	bool	ShowActualSpeed	
ExtendedTooltipSettings	bool	ShowCitizen	
ExtendedTooltipSettings	bool	ShowCitizenEducation	
ExtendedTooltipSettings	bool	ShowCitizenHappiness	
ExtendedTooltipSettings	bool	ShowCitizenShift	
ExtendedTooltipSettings	bool	ShowCitizenState	
ExtendedTooltipSettings	bool	ShowCitizenType	
ExtendedTooltipSettings	bool	ShowCitizenWealth	
ExtendedTooltipSettings	bool	ShowCompanyBalance	
ExtendedTooltipSettings	bool	ShowCompanyOutput	
ExtendedTooltipSettings	bool	ShowCompanyProfitability	
ExtendedTooltipSettings	bool	ShowCompanyProfitabilityAbsolute	
ExtendedTooltipSettings	bool	ShowCompanyRent	
ExtendedTooltipSettings	bool	ShowEducation	
ExtendedTooltipSettings	bool	ShowEducationStudentCapacity	
ExtendedTooltipSettings	bool	ShowEfficiency	
ExtendedTooltipSettings	bool	ShowEmployee	
ExtendedTooltipSettings	bool	ShowGrowables	
ExtendedTooltipSettings	bool	ShowGrowablesBalance	
ExtendedTooltipSettings	bool	ShowGrowablesHousehold	
ExtendedTooltipSettings	bool	ShowGrowablesHouseholdDetails	
ExtendedTooltipSettings	bool	ShowGrowablesHouseholdWealth	
ExtendedTooltipSettings	bool	ShowGrowablesLevel	
ExtendedTooltipSettings	bool	ShowGrowablesLevelDetails	
ExtendedTooltipSettings	bool	ShowGrowablesRent	
ExtendedTooltipSettings	bool	ShowGrowablesZoneInfo	
ExtendedTooltipSettings	bool	ShowLandValue	
ExtendedTooltipSettings	bool	ShowLotSize	
ExtendedTooltipSettings	bool	ShowNetToolElevation	
ExtendedTooltipSettings	bool	ShowNetToolMode	
ExtendedTooltipSettings	bool	ShowNetToolSystem	
ExtendedTooltipSettings	bool	ShowNetToolUnits	
ExtendedTooltipSettings	bool	ShowPark	
ExtendedTooltipSettings	bool	ShowParkingCapacity	
ExtendedTooltipSettings	bool	ShowParkingFacility	
ExtendedTooltipSettings	bool	ShowParkingFees	
ExtendedTooltipSettings	bool	ShowParkMaintenance	
ExtendedTooltipSettings	bool	ShowPublicTransport	
ExtendedTooltipSettings	bool	ShowPublicTransportWaitingPassengers	
ExtendedTooltipSettings	bool	ShowPublicTransportWaitingTime	
ExtendedTooltipSettings	bool	ShowRoad	
ExtendedTooltipSettings	bool	ShowRoadCondition	
ExtendedTooltipSettings	bool	ShowRoadLength	
ExtendedTooltipSettings	bool	ShowRoadUpkeep	
ExtendedTooltipSettings	bool	ShowSpeed	
ExtendedTooltipSettings	bool	ShowTerrainToolHeight	
ExtendedTooltipSettings	bool	ShowVehicle	
ExtendedTooltipSettings	bool	ShowVehicleGarbageTruck	
ExtendedTooltipSettings	bool	ShowVehiclePassengerDetails	
ExtendedTooltipSettings	bool	ShowVehiclePostvan	
ExtendedTooltipSettings	bool	ShowVehicleProperties	
ExtendedTooltipSettings	bool	ShowVehicleState	
ExtendedTooltipSettings	bool	ShowWaterToolHeight	
ExtendedTooltipSettings	SpeedUnitSetting	SpeedUnit	
ExtendedTooltipSettings	ProxyBinding	ToggleShowNetToolUnits	
ExtendedTooltipSettings	bool	UseExtendedLayout	
ExtraAssetsImporterSettings	int	CompatibilityDropDown	
ExtraAssetsImporterSettings	string	DatabasePath	TRUE
ExtraAssetsImporterSettings	bool	Decals	
ExtraAssetsImporterSettings	bool	DeleteNotLoadedAssets	
ExtraAssetsImporterSettings	bool	NetLanes	
ExtraAssetsImporterSettings	EAINewImportersCompatibility	NewImportersCompatibilityDropDown	
ExtraAssetsImporterSettings	EAIOldImportersCompatibility	OldImportersCompatibilityDropDown	
ExtraAssetsImporterSettings	bool	Surfaces	
ExtraAssetsImporterSettings	bool	UseNewImporters	
ExtraAssetsImporterSettings	bool	UseOldImporters	
ExtractorBoostSettings	int	CoalMultiplier	
ExtractorBoostSettings	int	CottonMultiplier	
ExtractorBoostSettings	int	FishMultiplier	
ExtractorBoostSettings	int	GrainMultiplier	
ExtractorBoostSettings	int	LivestockMultiplier	
ExtractorBoostSettings	int	OilMultiplier	
ExtractorBoostSettings	int	OreMultiplier	
ExtractorBoostSettings	int	StoneMultiplier	
ExtractorBoostSettings	int	VegetableMultiplier	
ExtractorBoostSettings	int	WoodMultiplier	
ExtractorsBegoneSettings	bool	AllowFarmVehicles	
ExtractorsBegoneSettings	bool	AllowFishingBoats	
ExtractorsBegoneSettings	bool	AllowForestVehicles	
ExtractorsBegoneSettings	bool	AllowOilVehicles	
ExtractorsBegoneSettings	bool	AllowOreVehicles	
ExtractorsBegoneSettings	bool	DisableExtractorBuildings	
ExtractorsBegoneSettings	float	FarmExtractorsSpawnFactor	
ExtractorsBegoneSettings	float	FishExtractorsSpawnFactor	
ExtractorsBegoneSettings	float	ForestExtractorsSpawnFactor	
ExtractorsBegoneSettings	float	OilExtractorsSpawnFactor	
ExtractorsBegoneSettings	float	OreExtractorsSpawnFactor	
FastBikesSettings	float	DampingScalar	
FastBikesSettings	bool	EnableFastBikes	
FastBikesSettings	float	PathSpeedScalar	
FastBikesSettings	float	SpeedScalar	
FastBikesSettings	float	StiffnessScalar	
FastBoardingSettings	int	AirBoardingSpeedFactor	
FastBoardingSettings	int	BusBoardingSpeedFactor	
FastBoardingSettings	bool	CancelLateBoarders	
FastBoardingSettings	bool	CimsRunSoonerToCatchBuses	
FastBoardingSettings	bool	EnableVerboseLogging	TRUE
FastBoardingSettings	int	RailBoardingSpeedFactor	
FastBoardingSettings	int	WaterBoardingSpeedFactor	
FertilityControlSettings	bool	EnableOreOilRegen	
FertilityControlSettings	float	FertilityPercentPerDay	
FertilityControlSettings	float	OilPercentPerDay	
FertilityControlSettings	float	OrePercentPerDay	
FindCharacterSettings	CharacterType	ActivatedCharacterType	
FindCharacterSettings	string	ActivatedPinyinNotation	
FindItSettings	ProxyBinding	ApplyMimic	
FindItSettings	float	ColumnSize	
FindItSettings	string	DefaultAlignmentStyle	
FindItSettings	string	DefaultViewStyle	
FindItSettings	ProxyBinding	DownArrow	
FindItSettings	float	ExpandedColumnSize	
FindItSettings	float	ExpandedRowSize	
FindItSettings	bool	HideBrandsFromAny	
FindItSettings	bool	HideRandomAssets	
FindItSettings	ProxyBinding	LeftArrow	
FindItSettings	bool	NoAssetImage	
FindItSettings	bool	OpenPanelOnPicker	
FindItSettings	ProxyBinding	PickerKeyBinding	
FindItSettings	ProxyBinding	RandomKeyBinding	
FindItSettings	ProxyBinding	RightArrow	
FindItSettings	float	RightColumnSize	
FindItSettings	float	RightRowSize	
FindItSettings	float	RowSize	
FindItSettings	float	ScrollSpeed	
FindItSettings	ProxyBinding	SearchKeyBinding	
FindItSettings	bool	SelectPrefabOnOpen	
FindItSettings	bool	SmoothScroll	
FindItSettings	bool	StrictSearch	
FindItSettings	ProxyBinding	UpArrow	
FindItSettings	bool	VehicleWarningShown	TRUE
FirstPersonCameraContinuedSettings	float	CimHeight	
FirstPersonCameraContinuedSettings	bool	DisableVSync	
FirstPersonCameraContinuedSettings	int	FOV	
FirstPersonCameraContinuedSettings	ProxyBinding	FreeModeKeybind	
FirstPersonCameraContinuedSettings	Enums.InfoBoxSize	InfoBoxSize	
FirstPersonCameraContinuedSettings	string	LastSeenChangelogVersion	
FirstPersonCameraContinuedSettings	int	MakeSureSave	
FirstPersonCameraContinuedSettings	float	MovementSpeed	
FirstPersonCameraContinuedSettings	float	PIPAspectRatio	
FirstPersonCameraContinuedSettings	float	PIPSize	
FirstPersonCameraContinuedSettings	FirstPersonCameraPIPSystem.PiPCorner	PIPSnapToCorner	
FirstPersonCameraContinuedSettings	float	RunSpeed	
FirstPersonCameraContinuedSettings	Enums.ModUnits	SetUnits	
FirstPersonCameraContinuedSettings	bool	ShowExtraInfo	
FirstPersonCameraContinuedSettings	bool	ShowGameUI	
FirstPersonCameraContinuedSettings	bool	ShowInfoBox	
FirstPersonCameraContinuedSettings	bool	ShowPIPMarker	
FirstPersonCameraContinuedSettings	bool	ShowPIPOnEnter	
FirstPersonCameraContinuedSettings	bool	ShowPIPUndergroundView	
FirstPersonCameraContinuedSettings	bool	ShowSpeed	
FirstPersonCameraContinuedSettings	Enums.ShowStopStrip	ShowStopStrip	
FirstPersonCameraContinuedSettings	bool	ShowVehicleType	
FirstPersonCameraContinuedSettings	Enums.StopStripDisplayMode	StopStripDisplayMode	
FirstPersonCameraContinuedSettings	float	TransitionSpeedFactor	
FiveTwentyNineTilesSettings	bool	AssignToMilestones	
FiveTwentyNineTilesSettings	bool	ExtraTilesAtEnd	
FiveTwentyNineTilesSettings	bool	ExtraTilesAtStart	
FiveTwentyNineTilesSettings	bool	NoStartingTiles	
FiveTwentyNineTilesSettings	bool	RelockAllTiles	
FiveTwentyNineTilesSettings	bool	UnlockAll	
FiveTwentyNineTilesSettings	bool	UnlockNone	
FiveTwentyNineTilesSettings	float	UpkeepMultiplier	
FPSLimiterSettings	int	InGame	
FPSLimiterSettings	bool	InGameLimitEnabled	
FPSLimiterSettings	int	Menu	
FPSLimiterSettings	bool	MenuLimitEnabled	
FPSLimiterSettings	int	Paused	
FPSLimiterSettings	bool	PausedLimitEnabled	
GhostwriterSettings	bool	ActiveEventsEnabled	
GhostwriterSettings	int	ActiveEventsIntervalMinutes	
GhostwriterSettings	string	ApiKey	TRUE
GhostwriterSettings	string	ApiKeyStatus	TRUE
GhostwriterSettings	bool	AutoSessionStartOnSaveLoad	
GhostwriterSettings	int	IntervalMinutes	
GhostwriterSettings	bool	MapRefreshEnabled	
GhostwriterSettings	int	MapRefreshMinutes	
GhostwriterSettings	string	Model	
GhostwriterSettings	string	OllamaBaseUrl	
GhostwriterSettings	LlmProvider	Provider	
GhostwriterSettings	bool	RevealApiKey	TRUE
GhostwriterSettings	bool	ShowToolCalls	
GottaGoFastSettings	bool	Enable	
HallOfFameSettings	int	ArcheologistScreenshotWeight	
HallOfFameSettings	string	BaseUrl	
HallOfFameSettings	bool	CreateLocalScreenshot	
HallOfFameSettings	string	CreatorID	
HallOfFameSettings	string	CreatorName	
HallOfFameSettings	string	CreatorsScreenshotSaveDirectory	
HallOfFameSettings	bool	DisableGlobalIllumination	
HallOfFameSettings	bool	EnableLoadingScreenBackground	
HallOfFameSettings	bool	EnableMainMenuSlideshow	
HallOfFameSettings	bool	IsParadoxAccountID	
HallOfFameSettings	ProxyBinding	KeyBindingForceEnableMainMenuSlideshow	
HallOfFameSettings	ProxyBinding	KeyBindingLike	
HallOfFameSettings	ProxyBinding	KeyBindingNext	
HallOfFameSettings	ProxyBinding	KeyBindingPrevious	
HallOfFameSettings	ProxyBinding	KeyBindingToggleMenu	
HallOfFameSettings	string	NamesTranslationMode	
HallOfFameSettings	string	ParadoxModsBrowsingPreference	
HallOfFameSettings	int	PopularScreenshotWeight	
HallOfFameSettings	int	RandomScreenshotWeight	
HallOfFameSettings	int	RecentScreenshotWeight	
HallOfFameSettings	string	SavedScreenshotDescription	
HallOfFameSettings	bool	SavedShareModIdsPreference	
HallOfFameSettings	bool	SavedShareRenderSettingsPreference	
HallOfFameSettings	string	ScreenshotResolution	
HallOfFameSettings	string	ScreenshotToLoad	
HallOfFameSettings	bool	ShowCreatorSocials	
HallOfFameSettings	bool	ShowFeaturedAsset	
HallOfFameSettings	bool	ShowViewCount	
HallOfFameSettings	int	SupporterScreenshotWeight	
HallOfFameSettings	int	TrendingScreenshotWeight	
HallOfFameSettings	int	ViewMaxAge	
HideBuildingsNotificationSettings	bool	hideBuldingNotifications	
HistoricalStartSettings	bool	UnlockAllHighways	
HistoricalStartSettings	bool	UnlockBasicHighways	
HistoricalStartSettings	bool	UnlockBus	
HistoricalStartSettings	bool	UnlockDistricts	
HistoricalStartSettings	bool	UnlockFarming	
HistoricalStartSettings	bool	UnlockMining	
HistoricalStartSettings	bool	UnlockOil	
HistoricalStartSettings	bool	UnlockShips	
HistoricalStartSettings	bool	UnlockTrains	
HistoricalStartSettings	bool	UnlockTrams	
HoverColorsSettings	float	DistrictA	
HoverColorsSettings	float	DistrictB	
HoverColorsSettings	bool	DistrictColorEnabled	
HoverColorsSettings	float	DistrictG	
HoverColorsSettings	float	DistrictR	
HoverColorsSettings	float	FillA	
HoverColorsSettings	float	GuidelineBackupDashedB	
HoverColorsSettings	int	GuidelineBackupDashedColorPreset	
HoverColorsSettings	float	GuidelineBackupDashedG	
HoverColorsSettings	float	GuidelineBackupDashedR	
HoverColorsSettings	float	GuidelineBackupLinesA	
HoverColorsSettings	float	GuidelineBackupLinesB	
HoverColorsSettings	int	GuidelineBackupLinesColorPreset	
HoverColorsSettings	float	GuidelineBackupLinesG	
HoverColorsSettings	float	GuidelineBackupLinesR	
HoverColorsSettings	int	GuidelineBackupOpacityPercent	
HoverColorsSettings	float	GuidelineBackupPreviewA	
HoverColorsSettings	float	GuidelineBackupPreviewB	
HoverColorsSettings	int	GuidelineBackupPreviewColorPreset	
HoverColorsSettings	float	GuidelineBackupPreviewG	
HoverColorsSettings	float	GuidelineBackupPreviewR	
HoverColorsSettings	float	GuidelineDashedB	
HoverColorsSettings	int	GuidelineDashedColorPreset	
HoverColorsSettings	float	GuidelineDashedG	
HoverColorsSettings	float	GuidelineDashedR	
HoverColorsSettings	int	GuidelineDefaultPercent	
HoverColorsSettings	float	GuidelineLinesA	
HoverColorsSettings	float	GuidelineLinesB	
HoverColorsSettings	int	GuidelineLinesColorPreset	
HoverColorsSettings	float	GuidelineLinesG	
HoverColorsSettings	float	GuidelineLinesR	
HoverColorsSettings	int	GuidelineOpacityPercent	
HoverColorsSettings	float	GuidelinePreviewA	
HoverColorsSettings	float	GuidelinePreviewB	
HoverColorsSettings	int	GuidelinePreviewColorPreset	
HoverColorsSettings	float	GuidelinePreviewG	
HoverColorsSettings	float	GuidelinePreviewR	
HoverColorsSettings	bool	GuidelineVanillaToggleActive	
HoverColorsSettings	bool	GuidelineVanillaToggleHasBackup	
HoverColorsSettings	float	OutlineA	
HoverColorsSettings	float	OutlineB	
HoverColorsSettings	float	OutlineG	
HoverColorsSettings	float	OutlineR	
HoverColorsSettings	float	OwnerA	
HoverColorsSettings	float	OwnerB	
HoverColorsSettings	float	OwnerG	
HoverColorsSettings	float	OwnerR	
HoverColorsSettings	bool	PanelTooltipsEnabled	
HoverColorsSettings	float	Preset1A	
HoverColorsSettings	float	Preset1B	
HoverColorsSettings	float	Preset1FillA	
HoverColorsSettings	float	Preset1G	
HoverColorsSettings	int	Preset1GuidelinePercent	
HoverColorsSettings	float	Preset1R	
HoverColorsSettings	float	Preset2A	
HoverColorsSettings	float	Preset2B	
HoverColorsSettings	float	Preset2FillA	
HoverColorsSettings	float	Preset2G	
HoverColorsSettings	int	Preset2GuidelinePercent	
HoverColorsSettings	float	Preset2R	
HoverColorsSettings	bool	SpecializedIndustryAreasSuppressed	
HoverColorsSettings	bool	SpecializedIndustryAreasSuppressionInitialized	
HoverColorsSettings	bool	SurfaceToolAreasSuppressed	
HoverColorsSettings	ProxyBinding	TogglePanelBinding	
HoverColorsSettings	ProxyBinding	TogglePresetBinding	
HoverColorsSettings	ProxyBinding	ToggleSurfaceToolAreasBinding	
HoverColorsSettings	int	ToolColorMode	
HoverColorsSettings	bool	UseCustomColorsForNetLanes	
HoverColorsSettings	bool	UseDarkerPanel	
HoverColorsSettings	bool	UseOverlapWarningColor	
I18NEverywhereSettings	bool	LoadLanguagePacks	
I18NEverywhereSettings	string	LocaleType	
I18NEverywhereSettings	bool	LogKey	
I18NEverywhereSettings	bool	Overwrite	
I18NEverywhereSettings	bool	Restrict	
I18NEverywhereSettings	string	SelectedModDropDown	TRUE
I18NEverywhereSettings	bool	SuppressNullError	
I18NEverywhereSettings	bool	UseNewModDetectMethod	
ImageOverlaySettings	float	Alpha	
ImageOverlaySettings	ProxyBinding	DecreaseSizeBinding	
ImageOverlaySettings	ProxyBinding	DecreaseSizeLargeBinding	
ImageOverlaySettings	ProxyBinding	IncreaseSizeBinding	
ImageOverlaySettings	ProxyBinding	IncreaseSizeLargeBinding	
ImageOverlaySettings	ProxyBinding	MoveDownBinding	
ImageOverlaySettings	ProxyBinding	MoveDownLargeBinding	
ImageOverlaySettings	ProxyBinding	MoveEastBinding	
ImageOverlaySettings	ProxyBinding	MoveEastLargeBinding	
ImageOverlaySettings	ProxyBinding	MoveNorthBinding	
ImageOverlaySettings	ProxyBinding	MoveNorthLargeBinding	
ImageOverlaySettings	ProxyBinding	MoveSouthBinding	
ImageOverlaySettings	ProxyBinding	MoveSouthLargeBinding	
ImageOverlaySettings	ProxyBinding	MoveUpBinding	
ImageOverlaySettings	ProxyBinding	MoveUpLargeBinding	
ImageOverlaySettings	ProxyBinding	MoveWestBinding	
ImageOverlaySettings	ProxyBinding	MoveWestLargeBinding	
ImageOverlaySettings	float	OverlayPosX	
ImageOverlaySettings	float	OverlayPosY	
ImageOverlaySettings	float	OverlayPosZ	
ImageOverlaySettings	float	OverlayRotation	
ImageOverlaySettings	float	OverlaySize	
ImageOverlaySettings	ProxyBinding	RotateLeftBinding	
ImageOverlaySettings	ProxyBinding	RotateLeftLargeBinding	
ImageOverlaySettings	ProxyBinding	RotateRightBinding	
ImageOverlaySettings	ProxyBinding	RotateRightLargeBinding	
ImageOverlaySettings	string	SelectedOverlay	
ImageOverlaySettings	bool	ShowThroughTerrain	
ImageOverlaySettings	ProxyBinding	ToggleBinding	
IndustriesExtendedSettings	float	ExtractorCompanyExportMultiplier	
IndustriesExtendedSettings	float	ExtractorProductionEfficiency	
InfoLoomTwoSettings	int	adultAgeLimit	
InfoLoomTwoSettings	int	comResDemValue	
InfoLoomTwoSettings	int	crimeColorA	
InfoLoomTwoSettings	int	crimeColorB	
InfoLoomTwoSettings	int	crimeColorG	
InfoLoomTwoSettings	int	crimeColorR	
InfoLoomTwoSettings	int	elderAgeLimit	
InfoLoomTwoSettings	bool	enableDemandChirps	
InfoLoomTwoSettings	bool	enableElectrictyChirps	
InfoLoomTwoSettings	bool	enableHomelessChirps	
InfoLoomTwoSettings	bool	enableUnderemploymentChirps	
InfoLoomTwoSettings	bool	enableUnemploymentChirps	
InfoLoomTwoSettings	bool	enableWaterAndSweageChirps	
InfoLoomTwoSettings	bool	exportDemoCityWide	
InfoLoomTwoSettings	bool	exportDemoEducationCols	
InfoLoomTwoSettings	bool	exportDemoEmploymentCols	
InfoLoomTwoSettings	bool	exportDemoFiveYear	
InfoLoomTwoSettings	bool	exportDemographics	
InfoLoomTwoSettings	bool	exportDemoLifecycle	
InfoLoomTwoSettings	bool	exportDemoPerAge	
InfoLoomTwoSettings	bool	exportDemoTenYear	
InfoLoomTwoSettings	bool	exportDemoTotals	
InfoLoomTwoSettings	int	exportFilesRetentionCount	
InfoLoomTwoSettings	bool	exportReplaceExisting	
InfoLoomTwoSettings	bool	exportWorkforce	
InfoLoomTwoSettings	bool	exportWorkforceCityWide	
InfoLoomTwoSettings	bool	exportWorkplaces	
InfoLoomTwoSettings	bool	exportWorkplacesCityWide	
InfoLoomTwoSettings	int	fireHazardColorA	
InfoLoomTwoSettings	int	fireHazardColorB	
InfoLoomTwoSettings	int	fireHazardColorG	
InfoLoomTwoSettings	int	fireHazardColorR	
InfoLoomTwoSettings	int	fireResponseColorA	
InfoLoomTwoSettings	int	fireResponseColorB	
InfoLoomTwoSettings	int	fireResponseColorG	
InfoLoomTwoSettings	int	fireResponseColorR	
InfoLoomTwoSettings	int	healthColorA	
InfoLoomTwoSettings	int	healthColorB	
InfoLoomTwoSettings	int	healthColorG	
InfoLoomTwoSettings	int	healthColorR	
InfoLoomTwoSettings	bool	hideBuildingSection	
InfoLoomTwoSettings	bool	hideCitizenSection	
InfoLoomTwoSettings	bool	hideDistrictSection	
InfoLoomTwoSettings	bool	hideRentSection	
InfoLoomTwoSettings	float	homelessThreshold	
InfoLoomTwoSettings	int	indResDemValue	
InfoLoomTwoSettings	float2	panelPosition	
InfoLoomTwoSettings	bool	showEffectsButton	
InfoLoomTwoSettings	int	teenAgeLimit	
InfoLoomTwoSettings	float	underemploymentThreshold	
InfoLoomTwoSettings	float	unemploymentThreshold	
InfoLoomTwoSettings	int	wellbeingColorA	
InfoLoomTwoSettings	int	wellbeingColorB	
InfoLoomTwoSettings	int	wellbeingColorG	
InfoLoomTwoSettings	int	wellbeingColorR	
IntelligentCommoditySchedulingSettings	bool	Cloud	
IntelligentCommoditySchedulingSettings	bool	DebugStats	TRUE
IntelligentCommoditySchedulingSettings	int	Level	
IntelligentCommoditySchedulingSettings	bool	StrategicStockpileRelease	
LaClockSettings	int	BlinkDurationSec	
LaClockSettings	int	BlinkPerMin	
LaClockSettings	ClockCultureEnum	ClockCultureChoice	
LaClockSettings	CultureInfo	ClockCultureInfo	
LaClockSettings	ClockFormatEnum	ClockFormatChoice	
LaClockSettings	string	ClockFormatString	
LaClockSettings	string	ClockFormatStringActual	
LaClockSettings	float	ClockSizeMultiplier	
LaClockSettings	string	ClockWidth	
LaClockSettings	bool	EnableBlink	
LodControlSettings	bool	DisableLodModels	
LodControlSettings	float	LevelOfDetail	
LodControlSettings	ProxyBinding	Preset1Binding	
LodControlSettings	float	Preset1Value	
LodControlSettings	ProxyBinding	Preset2Binding	
LodControlSettings	float	Preset2Value	
LodControlSettings	ProxyBinding	Preset3Binding	
LodControlSettings	float	Preset3Value	
LodControlSettings	ProxyBinding	ToggleDisableLodModelsBinding	
LuminaSettings	bool	EnableDebugLogging	TRUE
LuminaSettings	bool	EnableLuminaVolume	
LuminaSettings	bool	EnablePerformanceMode	
LuminaSettings	bool	IsContactShadows	
LuminaSettings	bool	isSCGIInterventionEnabled	
LuminaSettings	bool	LatitudeAndLongitudeAdjustments	
LuminaSettings	ReplaceRoadWearSystem	m_ReplaceRoadWearSystem	
LuminaSettings	bool	MetroFrameworkEnabled	TRUE
LuminaSettings	bool	ReloadAllPackagesOnRestart	
LuminaSettings	bool	SaveAutomatically	
LuminaSettings	bool	ScreenSpaceAmbientOcclusion	
LuminaSettings	bool	UseRoadTextures	
LuminaSettings	bool	UseTimeOfDaySlider	
MagicGarbageSettings	int	GarbageAccumulationRate	
MagicGarbageSettings	int	GarbageDispatchRequestThreshold	
MagicGarbageSettings	int	GarbageFacilityProcessingMultiplier	
MagicGarbageSettings	int	GarbageFacilityStorageMultiplier	
MagicGarbageSettings	int	GarbageFacilityVehicleMultiplier	
MagicGarbageSettings	int	GarbageHappinessBaseline	
MagicGarbageSettings	int	GarbageHappinessStep	
MagicGarbageSettings	int	GarbagePickupThreshold	
MagicGarbageSettings	int	GarbageTruckCapacityMultiplier	
MagicGarbageSettings	bool	PowerUserOptions	
MagicGarbageSettings	bool	PriorityAssistEnabled	
MagicGarbageSettings	bool	TotalMagic	
MagicGarbageSettings	bool	TrashBossEnabled	
MagicHearseSettings	bool	ControlWorkers	
MagicHearseSettings	bool	EnableMagicHearse	
MagicHearseSettings	int	FleetScalar	
MagicHearseSettings	bool	FuneralDirector	
MagicHearseSettings	int	HearseSpeedScalar	
MagicHearseSettings	int	ProcScalar	
MagicHearseSettings	int	StorageScalar	
MagicHearseSettings	int	WorkersScalar	
MagicMailSettings	bool	ChangeCapacity	
MagicMailSettings	bool	FixMailOverflow	
MagicMailSettings	bool	NotFirstTime	
MagicMailSettings	bool	PO_GetLocalMail	
MagicMailSettings	int	PO_GettingPercentage	
MagicMailSettings	int	PO_GettingThresholdPercentage	
MagicMailSettings	int	PO_OverflowPercentage	
MagicMailSettings	int	PostVanFleetSizePercentage	
MagicMailSettings	int	PostVanMailLoadPercentage	
MagicMailSettings	int	PSF_GettingPercentage	
MagicMailSettings	int	PSF_GettingThresholdPercentage	
MagicMailSettings	bool	PSF_GetUnsortedMail	
MagicMailSettings	int	PSF_OverflowPercentage	
MagicMailSettings	int	PSF_SortingSpeedPercentage	
MagicMailSettings	int	PSF_StorageCapacityPercentage	
MagicMailSettings	int	TruckCapacityPercentage	
MapExtSettings	float	CompanyShoppingMaxCost	
MapExtSettings	int	CurrentPetCount	TRUE
MapExtSettings	bool	DashboardDefaultActivity	TRUE
MapExtSettings	bool	DashboardDefaultCityStats	TRUE
MapExtSettings	bool	DashboardDefaultCommercial	TRUE
MapExtSettings	bool	DashboardDefaultMisc	TRUE
MapExtSettings	bool	DashboardDefaultResidential	TRUE
MapExtSettings	string	DetectedSaveCoreValue	TRUE
MapExtSettings	bool	DisableLoadGameValidation	TRUE
MapExtSettings	bool	DisableWorldBackdrop	
MapExtSettings	string	DisplayedCellMapSystemValue	TRUE
MapExtSettings	string	DisplayedMapSize	TRUE
MapExtSettings	string	DisplayedTerrainSystemValue	TRUE
MapExtSettings	string	DisplayedWaterSystemValue	TRUE
MapExtSettings	EditorCollisionSkipMode	EditorCollisionSkip	
MapExtSettings	float	EmergencyMaxCost	
MapExtSettings	bool	EnableDemandEcoSystem	
MapExtSettings	bool	EnableDownstreamAIEcoSystem	
MapExtSettings	bool	EnableHouseholdPropertyEcoSystem	
MapExtSettings	bool	EnableJobSearchEcoSystem	
MapExtSettings	bool	EnableRescueDebugLog	TRUE
MapExtSettings	bool	EnableResidentAIEcoSystem	
MapExtSettings	bool	EnableResourceBuyerEcoSystem	
MapExtSettings	bool	EnableVanillaConversion	
MapExtSettings	bool	EnableVehicleRescue	TRUE
MapExtSettings	float	FindHomeMaxCost	
MapExtSettings	float	FindJobMaxCost	
MapExtSettings	float	FindSchoolCollegeMaxCost	
MapExtSettings	float	FindSchoolElementaryMaxCost	
MapExtSettings	float	FindSchoolHighSchoolMaxCost	
MapExtSettings	float	FindSchoolUniversityMaxCost	
MapExtSettings	int	HomelessSeekerCap	
MapExtSettings	int	HomeSeekerCap	
MapExtSettings	float	HouseholdResourceDemandMultiplier	
MapExtSettings	bool	isEnableEconomyFix	
MapExtSettings	int	JobSeekerCap	
MapExtSettings	int	LandValueEnvironmentEffect	
MapExtSettings	int	LandValueFactorCommercial	
MapExtSettings	int	LandValueFactorIndustrial	
MapExtSettings	int	LandValueFactorResidential	
MapExtSettings	float	LeisureMaxCost	
MapExtSettings	int	LevelFactorCommercial	
MapExtSettings	int	LevelFactorIndustrial	
MapExtSettings	int	LevelFactorResidential	
MapExtSettings	bool	NoDogsGeneration	
MapExtSettings	bool	NoDogsOnStreet	
MapExtSettings	bool	NoDogsPurge	
MapExtSettings	bool	NoThroughTraffic	
MapExtSettings	PatchModeSetting	PatchModeChoice	
MapExtSettings	int	PathfindRequestCap	
MapExtSettings	string	PopDiagData	TRUE
MapExtSettings	int	RentMultiplierCommercial	
MapExtSettings	int	RentMultiplierIndustrial	
MapExtSettings	int	RentMultiplierResidential	
MapExtSettings	int	ServiceBonusCapMultiplier	
MapExtSettings	float	ShoppingMaxCost	
MapExtSettings	float	ShoppingTrafficReduction	
MapExtSettings	bool	TerrainBrushRoadBlock	
MapExtSettings	float	TerrainBrushRoadMargin	
MapExtSettings	bool	TerrainBufferPrealloc	
MapExtSettings	bool	TerrainCascadeThrottle	
MapExtSettings	bool	TerrainCullThrottle	
MapExtSettings	TerrainResolutionSetting	TerrainResolution	
MapExtSettings	int	UIDetailPanelWidth	
MapExtSettings	int	UIFontSize	
MapExtSettings	int	UIMenuPanelWidth	
MapExtSettings	int	UIPanelHeight	
MapExtSettings	WaterResolutionSetting	WaterResolution	
MapExtSettings	WaterSimQualitySetting	WaterSimQuality	
MapExtSettings	WaterTextureFormatSetting	WaterTextureFormat	
MouseLightSettings	float	Blue	
MouseLightSettings	bool	EnableCursorLight	
MouseLightSettings	float	Green	
MouseLightSettings	float	IntensityMultiplier	
MouseLightSettings	float	RangeMultiplier	
MouseLightSettings	float	Red	
MoveItSettings	ProxyBinding	ApplyMimic	
MoveItSettings	ProxyBinding	CancelMimic	
MoveItSettings	bool	ExtraDebugLogging	
MoveItSettings	bool	HasShownMConflictPanel	
MoveItSettings	bool	HideMoveItIcon	
MoveItSettings	bool	InvertRotation	
MoveItSettings	ProxyBinding	Key_DebugClear	
MoveItSettings	ProxyBinding	Key_DebugFreeze	
MoveItSettings	ProxyBinding	Key_Dejank	
MoveItSettings	ProxyBinding	Key_DeselectAll	
MoveItSettings	ProxyBinding	Key_FiltersToggle	
MoveItSettings	ProxyBinding	Key_MoveDown	
MoveItSettings	ProxyBinding	Key_MoveDown2	
MoveItSettings	ProxyBinding	Key_MoveUp	
MoveItSettings	ProxyBinding	Key_MoveUp2	
MoveItSettings	ProxyBinding	Key_Redo	
MoveItSettings	ProxyBinding	Key_TB_ObjAngleGroup	
MoveItSettings	ProxyBinding	Key_TB_ObjAngleIndiv	
MoveItSettings	ProxyBinding	Key_TB_ObjectHeight	
MoveItSettings	ProxyBinding	Key_TB_TerrainHeight	
MoveItSettings	ProxyBinding	Key_ToggleManip	
MoveItSettings	ProxyBinding	Key_ToggleMarquee	
MoveItSettings	ProxyBinding	Key_ToggleTool	
MoveItSettings	ProxyBinding	Key_Undo	
MoveItSettings	bool	ShowDebugLines	
MoveItSettings	bool	ShowDebugPanel	
NavigationViewSettings	bool	Enabled	
NavigationViewSettings	int	RefreshFrequency	
NetworkToolsSettings	ProxyBinding	ApplyTransformation	
NetworkToolsSettings	bool	DebugMode	TRUE
NetworkToolsSettings	string	DistanceUnit	
NetworkToolsSettings	ProxyBinding	OpenTool1	
NetworkToolsSettings	ProxyBinding	OpenTool2	
NetworkToolsSettings	ProxyBinding	OpenTool3	
NetworkToolsSettings	ProxyBinding	OpenTool4	
NetworkToolsSettings	ProxyBinding	OpenTool5	
NetworkToolsSettings	ProxyBinding	OpenTool6	
NetworkToolsSettings	ProxyBinding	OpenTool7	
NetworkToolsSettings	ProxyBinding	OpenTool8	
NetworkToolsSettings	ProxyBinding	OpenTool9	
NetworkToolsSettings	bool	SavedAnarchyEnabled	
NetworkToolsSettings	string	SavedParameterValues	
NetworkToolsSettings	int	SavedSelectedSnaps	
NetworkToolsSettings	int	SavedSelectedTargets	
NetworkToolsSettings	int	SavedSelectedViews	
NetworkToolsSettings	ProxyBinding	ToggleToolPanel	
NoDeadTreesSettings	DeadTreeReplacementType	DeadTreeReplacementTypeDropdown	
NodeControllerSettings	bool	EnableMouseRotation	
NodeControllerSettings	ProxyBinding	ResetNodeBinding	
NodeControllerSettings	ProxyBinding	RotateLeftBinding	
NodeControllerSettings	ProxyBinding	RotateRightBinding	
NodeControllerSettings	float	StraightenAngle	
NodeControllerSettings	StraightenMode	StraightenMode	
NodeControllerSettings	ProxyBinding	StraightenNodeBinding	
NodeControllerSettings	ProxyBinding	ToggleToolBinding	
NoPollutionSettings	float	AbandonedNoisePollutionMultiplier	
NoPollutionSettings	int	AirFade	
NoPollutionSettings	float	AirMultiplier	
NoPollutionSettings	float	AirPollutionNotificationLimit	
NoPollutionSettings	float	AirPollutionSlider	
NoPollutionSettings	bool	AirPollutionToggle	
NoPollutionSettings	float	AirRadius	
NoPollutionSettings	float	DistanceExponent	
NoPollutionSettings	float	FertilityGroundMultiplier	
NoPollutionSettings	int	GroundFade	
NoPollutionSettings	float	GroundMultiplier	
NoPollutionSettings	float	GroundPollutionLandValueDivisor	
NoPollutionSettings	float	GroundPollutionNotificationLimit	
NoPollutionSettings	float	GroundPollutionSlider	
NoPollutionSettings	bool	GroundPollutionToggle	
NoPollutionSettings	float	GroundRadius	
NoPollutionSettings	GroundWaterPollutionReductionRate	GroundWaterPollutionReductionRate	
NoPollutionSettings	float	HomelessNoisePollution	
NoPollutionSettings	float	NetAirMultiplier	
NoPollutionSettings	float	NetNoiseMultiplier	
NoPollutionSettings	float	NetNoiseRadius	
NoPollutionSettings	float	NetPollutionAccumulationSlider1	
NoPollutionSettings	float	NetPollutionAccumulationSlider2	
NoPollutionSettings	float	NetPollutionSlider1	
NoPollutionSettings	float	NetPollutionSlider2	
NoPollutionSettings	bool	NetPollutionToggle	
NoPollutionSettings	float	NoiseMultiplier	
NoPollutionSettings	float	NoisePollutionNotificationLimit	
NoPollutionSettings	float	NoisePollutionSlider	
NoPollutionSettings	bool	NoisePollutionToggle	
NoPollutionSettings	float	NoiseRadius	
NoPollutionSettings	float	PlantAirMultiplier	
NoPollutionSettings	float	PlantFade	
NoPollutionSettings	float	PlantGroundMultiplier	
NoPollutionSettings	bool	WaterPollutionDecayInstantToggle	
NoPollutionSettings	int	WaterPollutionDecayRateSlider	
NoPollutionSettings	float	WindAdvectionSpeed	
NoVehicleDespawnSettings	bool	attemptReroute	
NoVehicleDespawnSettings	int	attemptRerouteFrames	
NoVehicleDespawnSettings	int	deadlockLingerFrames	
NoVehicleDespawnSettings	int	deadlockSearchDepth	
NoVehicleDespawnSettings	bool	despawnAll	
NoVehicleDespawnSettings	DespawnBehavior	despawnBehavior	
NoVehicleDespawnSettings	bool	despawnBicycles	
NoVehicleDespawnSettings	bool	despawnCommercialVehicles	
NoVehicleDespawnSettings	bool	despawnPedestrians	
NoVehicleDespawnSettings	bool	despawnPersonalVehicles	
NoVehicleDespawnSettings	bool	despawnPublicTransit	
NoVehicleDespawnSettings	bool	despawnServiceVehicles	
NoVehicleDespawnSettings	bool	despawnTaxis	
NoVehicleDespawnSettings	bool	despawnTrains	
NoVehicleDespawnSettings	bool	despawnTrams	
NoVehicleDespawnSettings	bool	highlightStuckObjects	
NoVehicleDespawnSettings	int	maxStuckObjectRemovalCount	
NoVehicleDespawnSettings	int	maxStuckObjectSpeed	
NoVehicleDespawnSettings	bool	trafficDespawnDisabled	
OSMExportSettings	bool	EnableAccurateTrams	
OSMExportSettings	bool	EnableAccurateWays	TRUE
OSMExportSettings	bool	EnableContours	
OSMExportSettings	bool	EnableMotorways	
OSMExportSettings	bool	EnableNonstandardAirplane	TRUE
OSMExportSettings	bool	EnableNonstandardBus	
OSMExportSettings	bool	EnableNonstandardShip	TRUE
OSMExportSettings	bool	EnableNonstandardSubway	
OSMExportSettings	bool	EnableNonstandardTaxi	
OSMExportSettings	bool	EnableNonstandardTrain	
OSMExportSettings	bool	EnableNonstandardTram	
OSMExportSettings	bool	EnableNonstandardTransit	
OSMExportSettings	bool	EnableTrees	
OSMExportSettings	string	FileName	TRUE
OSMExportSettings	OSMExportSystem.Direction	NorthOverride	
OSMExportSettings	OSMExportSystem.Style	Ruleset	
OSMExportSettings	int	WaterResolution	
OSMExportSettings	int	ZoomLevel	
OutsideTrafficAdjusterSettings	float	PlaneMultiplier	
OutsideTrafficAdjusterSettings	float	RoadMultiplier	
OutsideTrafficAdjusterSettings	float	ShipMultiplier	
OutsideTrafficAdjusterSettings	float	TrainMultiplier	
ParkingFeeControlSettings	bool	DebugLogging	TRUE
ParkingFeeControlSettings	bool	Enabled	
ParkingFeeControlSettings	IgnoreTagType	IgnoreTag	
ParkingFeeControlSettings	UpdateFrequency	UpdateFrequencyMinutes	
ParkingMonitorSettings	int	defaultRowsPerDistrict	
ParkingMonitorSettings	SortOrder	districtSortOrder	
ParkingMonitorSettings	InitialValue	initialState	
ParkingMonitorSettings	int	parkingRowCount	
ParkingPricingSettings	bool	EnableForLot	
ParkingPricingSettings	bool	EnableForStreet	
ParkingPricingSettings	int	MaxPriceDiscountLot	
ParkingPricingSettings	int	MaxPriceDiscountStreet	
ParkingPricingSettings	int	MaxPriceIncreaseLot	
ParkingPricingSettings	int	MaxPriceIncreaseStreet	
ParkingPricingSettings	int	StandardPriceLot	
ParkingPricingSettings	int	StandardPriceStreet	
ParkingPricingSettings	int	TargetOccupancyLot	
ParkingPricingSettings	int	TargetOccupancyStreet	
ParkingPricingSettings	UpdateFreqEnum	UpdateFreq	
PlatterSettings	bool	AllowSpawn	
PlatterSettings	bool	EnableOverlayForTools	
PlatterSettings	uint	LastViewedChangelogVersion	
PlatterSettings	bool	Modals_FirstLaunchTutorial	
PlatterSettings	ProxyBinding	PlatterDepthDecreaseAction	
PlatterSettings	ProxyBinding	PlatterDepthIncreaseAction	
PlatterSettings	ProxyBinding	PlatterOpenPanel	
PlatterSettings	ProxyBinding	PlatterToggleRender	
PlatterSettings	ProxyBinding	PlatterToggleSpawn	
PlatterSettings	ProxyBinding	PlatterWidthDecreaseAction	
PlatterSettings	ProxyBinding	PlatterWidthIncreaseAction	
PlatterSettings	bool	RenderParcels	
PlopTheGrowablesSettings	bool	DisableLevelling	
PlopTheGrowablesSettings	bool	LockPloppedBuildings	
PlopTheGrowablesSettings	bool	NoAbandonment	
PlopTheGrowablesSettings	bool	SpawnedZoneDespawn	
PrefabAssetFixesSettings	bool	AdditionalTransformers	TRUE
PrefabAssetFixesSettings	bool	FRCiltyHall	
PrefabAssetFixesSettings	bool	Hospital	
PrefabAssetFixesSettings	bool	HoveringPoles	
PrefabAssetFixesSettings	int	IndustrialCompanyWorker	
PrefabAssetFixesSettings	bool	LHTBusStation02	
PrefabAssetFixesSettings	bool	LHTCargoHarbor01	
PrefabAssetFixesSettings	bool	LHTTaxiDepot01	
PrefabAssetFixesSettings	bool	LHTTramDepot01	
PrefabAssetFixesSettings	bool	NLLowHousehold	
PrefabAssetFixesSettings	bool	Prison	
PrefabAssetFixesSettings	bool	PrisonVan	TRUE
PrefabAssetFixesSettings	bool	Recycling	TRUE
PrefabAssetFixesSettings	bool	RHTBusStation01	
PrefabAssetFixesSettings	bool	RSClinic	
PrefabAssetFixesSettings	bool	SolarParking	
PrefabAssetFixesSettings	bool	Storage	TRUE
PrefabAssetFixesSettings	bool	USSWHospital	
PublicWorksPlusSettings	float	AirplanePassengerScalar	
PublicWorksPlusSettings	float	BusDepotScalar	
PublicWorksPlusSettings	float	BusPassengerScalar	
PublicWorksPlusSettings	float	CargoStationMaxTrucksScalar	
PublicWorksPlusSettings	float	CoalTruckScalar	
PublicWorksPlusSettings	float	DeliveryVanCargoScalar	
PublicWorksPlusSettings	bool	EnableDebugLogging	TRUE
PublicWorksPlusSettings	bool	EnableLineVehicleCountTuner	
PublicWorksPlusSettings	float	ExtractorMaxTrucksScalar	
PublicWorksPlusSettings	float	FerryDepotScalar	
PublicWorksPlusSettings	float	FerryPassengerScalar	
PublicWorksPlusSettings	float	MotorbikeDeliveryCargoScalar	
PublicWorksPlusSettings	float	ParkMaintenanceDepotScalar	
PublicWorksPlusSettings	float	ParkMaintenanceVehicleCapacityScalar	
PublicWorksPlusSettings	float	ParkMaintenanceVehicleRateScalar	
PublicWorksPlusSettings	float	RoadMaintenanceDepotScalar	
PublicWorksPlusSettings	float	RoadMaintenanceVehicleCapacityScalar	
PublicWorksPlusSettings	float	RoadMaintenanceVehicleRateScalar	
PublicWorksPlusSettings	float	RoadWearScalar	
PublicWorksPlusSettings	float	SemiTruckCargoScalar	
PublicWorksPlusSettings	float	ShipPassengerScalar	
PublicWorksPlusSettings	float	SubwayDepotScalar	
PublicWorksPlusSettings	float	SubwayPassengerScalar	
PublicWorksPlusSettings	float	TaxiDepotScalar	
PublicWorksPlusSettings	float	TrainDepotScalar	
PublicWorksPlusSettings	float	TrainPassengerScalar	
PublicWorksPlusSettings	float	TramDepotScalar	
PublicWorksPlusSettings	float	TramPassengerScalar	
RealisticIndustrialPowerConsumptionSettings	bool	EnableMod	
RealisticIndustrialPowerConsumptionSettings	int	GiganticMultiplier	
RealisticIndustrialPowerConsumptionSettings	int	HugeMultiplier	
RealisticIndustrialPowerConsumptionSettings	int	IndustrialPowerConsumption	
RealisticIndustrialPowerConsumptionSettings	int	LargeMultiplier	
RealisticIndustrialPowerConsumptionSettings	int	MassiveMultiplier	
RealisticIndustrialPowerConsumptionSettings	int	MediumMultiplier	
RealisticIndustrialPowerConsumptionSettings	int	SmallMultiplier	
RealisticIndustrialPowerConsumptionSettings	int	VeryLargeMultiplier	
RealisticJobSearchSettings	float	alpha_jobs	
RealisticJobSearchSettings	float	beta_minute	
RealisticJobSearchSettings	bool	debug	TRUE
RealisticJobSearchSettings	float	max_accept	
RealisticJobSearchSettings	float	min_accept	
RealisticJobSearchSettings	float	weight_free_jobs	
RealisticJobSearchSettings	float	weight_total_jobs	
RealisticParkingSettings	bool	EnableInducedDemand	
RealisticParkingSettings	bool	EnableParkingMins	
RealisticParkingSettings	bool	EnableRerouteDistance	
RealisticParkingSettings	float	GarageSpotsPerResProp	
RealisticParkingSettings	float	GarageSpotsPerWorker	
RealisticParkingSettings	int	InducedDemandCooldown	
RealisticParkingSettings	int	InducedDemandInitialTolerance	
RealisticParkingSettings	string	InducedDemandPreset	
RealisticParkingSettings	float	InducedDemandQueueSizePerSpot	
RealisticParkingSettings	int	RerouteDistance	
RealisticPathFindingSettings	float	alleyway_bias	
RealisticPathFindingSettings	float	average_walk_speed_adult	
RealisticPathFindingSettings	float	average_walk_speed_child	
RealisticPathFindingSettings	float	average_walk_speed_elderly	
RealisticPathFindingSettings	float	average_walk_speed_teen	
RealisticPathFindingSettings	float	base_turn_penalty	
RealisticPathFindingSettings	int	bike_adult_percent	
RealisticPathFindingSettings	float	bike_long_comfort_m	
RealisticPathFindingSettings	float	bike_long_min_mult	
RealisticPathFindingSettings	float	bike_long_ramp_m	
RealisticPathFindingSettings	int	bike_senior_percent	
RealisticPathFindingSettings	float	bike_short_comfort_m	
RealisticPathFindingSettings	float	bike_short_min_mult	
RealisticPathFindingSettings	int	bike_teen_percent	
RealisticPathFindingSettings	float	bus_mode_weight	
RealisticPathFindingSettings	float	car_mode_weight	
RealisticPathFindingSettings	float	choice_tau_sec	
RealisticPathFindingSettings	float	collector_bias	
RealisticPathFindingSettings	float	cong_alpha	
RealisticPathFindingSettings	float	cong_max_density	
RealisticPathFindingSettings	float	cong_max_ratio	
RealisticPathFindingSettings	float	cong_min_ff_mps	
RealisticPathFindingSettings	float	cong_min_push_sec	
RealisticPathFindingSettings	float	cong_min_sample_sec	
RealisticPathFindingSettings	float	crowdness_factor	
RealisticPathFindingSettings	float	crowdness_stop_threashold	
RealisticPathFindingSettings	bool	disable_ped_cost	
RealisticPathFindingSettings	float	feeder_trunk_transfer_penalty	
RealisticPathFindingSettings	float	ferry_mode_weight	
RealisticPathFindingSettings	float	local_bias	
RealisticPathFindingSettings	float	max_turn_agle_deg	
RealisticPathFindingSettings	float	min_turn_agle_deg	
RealisticPathFindingSettings	float	nonbus_buslane_penalty_sec	
RealisticPathFindingSettings	float	ped_crosswalk_factor	
RealisticPathFindingSettings	float	ped_unsafe_crosswalk_factor	
RealisticPathFindingSettings	float	ped_walk_time_factor	
RealisticPathFindingSettings	float	scheduled_wt_factor	
RealisticPathFindingSettings	float	subway_mode_weight	
RealisticPathFindingSettings	float	taxi_fare_increase	
RealisticPathFindingSettings	float	taxi_passengers_waiting_threashold	
RealisticPathFindingSettings	float	train_mode_weight	
RealisticPathFindingSettings	float	tram_mode_weight	
RealisticPathFindingSettings	float	transfer_penalty	
RealisticPathFindingSettings	float	uturn_sec_penalty	
RealisticPathFindingSettings	float	uturn_threshold_deg	
RealisticPathFindingSettings	float	waiting_time_factor	
RealisticPathFindingSettings	float	walk_long_comfort_m	
RealisticPathFindingSettings	float	walk_long_min_mult	
RealisticPathFindingSettings	float	walk_long_ramp_m	
RealisticTripsSettings	float	average_commute	
RealisticTripsSettings	int	avg_time_beverages	
RealisticTripsSettings	int	avg_time_chemicals	
RealisticTripsSettings	int	avg_time_convenienceFood	
RealisticTripsSettings	int	avg_time_electronics	
RealisticTripsSettings	int	avg_time_entertainment	
RealisticTripsSettings	int	avg_time_financial	
RealisticTripsSettings	int	avg_time_food	
RealisticTripsSettings	int	avg_time_furniture	
RealisticTripsSettings	int	avg_time_meals	
RealisticTripsSettings	int	avg_time_media	
RealisticTripsSettings	int	avg_time_paper	
RealisticTripsSettings	int	avg_time_petrochemicals	
RealisticTripsSettings	int	avg_time_pharmaceuticals	
RealisticTripsSettings	int	avg_time_plastics	
RealisticTripsSettings	int	avg_time_recreation	
RealisticTripsSettings	int	avg_time_software	
RealisticTripsSettings	int	avg_time_telecom	
RealisticTripsSettings	int	avg_time_textiles	
RealisticTripsSettings	int	avg_time_vehicles	
RealisticTripsSettings	float	avg_work_hours_ft_wd	
RealisticTripsSettings	float	avg_work_hours_pt_wd	
RealisticTripsSettings	int	cityServices_avgday_pct	
RealisticTripsSettings	int	cityServices_sat_pct	
RealisticTripsSettings	int	cityServices_sun_pct	
RealisticTripsSettings	int	cityServices_weekday_pct	
RealisticTripsSettings	int	commercial_avgday_pct	
RealisticTripsSettings	int	commercial_sat_pct	
RealisticTripsSettings	int	commercial_sun_pct	
RealisticTripsSettings	int	commercial_weekday_pct	
RealisticTripsSettings	float	commute_top10per	
RealisticTripsSettings	bool	commuter_trips	
RealisticTripsSettings	int	daysPerMonth	
RealisticTripsSettings	float	delay_factor	
RealisticTripsSettings	bool	disable_early_shop_leisure	
RealisticTripsSettings	int	dt_simulation	
RealisticTripsSettings	float	entertainment_avgday	
RealisticTripsSettings	float	entertainment_saturday	
RealisticTripsSettings	float	entertainment_sunday	
RealisticTripsSettings	float	entertainment_weekday	
RealisticTripsSettings	int	evening_share	
RealisticTripsSettings	int	high_school_end_time	
RealisticTripsSettings	int	high_school_start_time	
RealisticTripsSettings	float	holidays_per_year	
RealisticTripsSettings	int	industry_avgday_pct	
RealisticTripsSettings	int	industry_sat_pct	
RealisticTripsSettings	int	industry_sun_pct	
RealisticTripsSettings	int	industry_weekday_pct	
RealisticTripsSettings	int	lunch_break_percentage	
RealisticTripsSettings	int	max_event_avg_day	
RealisticTripsSettings	int	max_event_weekday	
RealisticTripsSettings	int	max_event_weekend	
RealisticTripsSettings	float	meals_avgday	
RealisticTripsSettings	float	meals_saturday	
RealisticTripsSettings	float	meals_sunday	
RealisticTripsSettings	float	meals_weekday	
RealisticTripsSettings	int	min_attraction	
RealisticTripsSettings	int	min_event_avg_day	
RealisticTripsSettings	int	min_event_weekday	
RealisticTripsSettings	int	min_event_weekend	
RealisticTripsSettings	int	night_share	
RealisticTripsSettings	bool	night_trucks	TRUE
RealisticTripsSettings	int	nonday_cityservices_share	
RealisticTripsSettings	int	nonday_commercial_share	
RealisticTripsSettings	int	nonday_industry_share	
RealisticTripsSettings	int	nonday_office_share	
RealisticTripsSettings	int	office_avgday_pct	
RealisticTripsSettings	int	office_sat_pct	
RealisticTripsSettings	int	office_sun_pct	
RealisticTripsSettings	int	office_weekday_pct	
RealisticTripsSettings	float	park_avgday	
RealisticTripsSettings	float	park_saturday	
RealisticTripsSettings	float	park_sunday	
RealisticTripsSettings	float	park_weekday	
RealisticTripsSettings	int	part_time_percentage	
RealisticTripsSettings	bool	peak_spread	
RealisticTripsSettings	int	remote_percentage	
RealisticTripsSettings	int	school_end_time	
RealisticTripsSettings	int	school_lv1_avgday_pct	
RealisticTripsSettings	int	school_lv1_saturday_pct	
RealisticTripsSettings	int	school_lv1_sunday_pct	
RealisticTripsSettings	int	school_lv1_weekday_pct	
RealisticTripsSettings	int	school_lv2_avgday_pct	
RealisticTripsSettings	int	school_lv2_saturday_pct	
RealisticTripsSettings	int	school_lv2_sunday_pct	
RealisticTripsSettings	int	school_lv2_weekday_pct	
RealisticTripsSettings	int	school_lv34_avgday_pct	
RealisticTripsSettings	int	school_lv34_saturday_pct	
RealisticTripsSettings	int	school_lv34_sunday_pct	
RealisticTripsSettings	int	school_lv34_weekday_pct	
RealisticTripsSettings	int	school_start_time	
RealisticTripsSettings	int	school_vacation_month1	
RealisticTripsSettings	int	school_vacation_month2	
RealisticTripsSettings	int	service_expenses_night_reduction	
RealisticTripsSettings	int	settings_choice	
RealisticTripsSettings	float	shopping_avgday	
RealisticTripsSettings	float	shopping_saturday	
RealisticTripsSettings	float	shopping_sunday	
RealisticTripsSettings	float	shopping_weekday	
RealisticTripsSettings	float	slow_time_factor	
RealisticTripsSettings	bool	tourism_trips	
RealisticTripsSettings	int	trafficReduction	
RealisticTripsSettings	float	travel_avgday	
RealisticTripsSettings	float	travel_saturday	
RealisticTripsSettings	float	travel_sunday	
RealisticTripsSettings	float	travel_weekday	
RealisticTripsSettings	int	univ_end_time	
RealisticTripsSettings	int	univ_start_time	
RealisticTripsSettings	bool	use_school_vanilla_timeoff	
RealisticTripsSettings	bool	use_vanilla_timeoff	
RealisticTripsSettings	float	vacation_per_year	
RealisticTripsSettings	int	work_end_time	
RealisticTripsSettings	int	work_start_time	
RealisticWorkplacesAndHouseholdsSettings	int	admin_sqm_per_worker	
RealisticWorkplacesAndHouseholdsSettings	int	airport_sqm_per_worker	
RealisticWorkplacesAndHouseholdsSettings	int	clinic_sqm_per_patient	
RealisticWorkplacesAndHouseholdsSettings	int	clinic_sqm_per_worker	
RealisticWorkplacesAndHouseholdsSettings	float	commercial_avg_floor_height	
RealisticWorkplacesAndHouseholdsSettings	bool	commercial_self_service_gas	
RealisticWorkplacesAndHouseholdsSettings	int	commercial_sqm_per_worker	
RealisticWorkplacesAndHouseholdsSettings	int	commercial_sqm_per_worker_hotel	
RealisticWorkplacesAndHouseholdsSettings	int	commercial_sqm_per_worker_rec_entertainment	
RealisticWorkplacesAndHouseholdsSettings	int	commercial_sqm_per_worker_restaurants	
RealisticWorkplacesAndHouseholdsSettings	int	commercial_sqm_per_worker_supermarket	
RealisticWorkplacesAndHouseholdsSettings	int	depot_sqm_per_worker	
RealisticWorkplacesAndHouseholdsSettings	bool	disable_admin	
RealisticWorkplacesAndHouseholdsSettings	bool	disable_airport	
RealisticWorkplacesAndHouseholdsSettings	bool	disable_cityservices_calculations	
RealisticWorkplacesAndHouseholdsSettings	bool	disable_depot	
RealisticWorkplacesAndHouseholdsSettings	bool	disable_fire	
RealisticWorkplacesAndHouseholdsSettings	bool	disable_garbage	
RealisticWorkplacesAndHouseholdsSettings	bool	disable_high_level_less_apt	
RealisticWorkplacesAndHouseholdsSettings	bool	disable_hospital	
RealisticWorkplacesAndHouseholdsSettings	bool	disable_households_calculations	
RealisticWorkplacesAndHouseholdsSettings	bool	disable_park	
RealisticWorkplacesAndHouseholdsSettings	bool	disable_police	
RealisticWorkplacesAndHouseholdsSettings	bool	disable_postoffice	
RealisticWorkplacesAndHouseholdsSettings	bool	disable_powerplant	
RealisticWorkplacesAndHouseholdsSettings	bool	disable_row_homes_apt_per_floor	
RealisticWorkplacesAndHouseholdsSettings	bool	disable_school	
RealisticWorkplacesAndHouseholdsSettings	bool	disable_transit	
RealisticWorkplacesAndHouseholdsSettings	bool	disable_workplace_calculations	
RealisticWorkplacesAndHouseholdsSettings	int	electricity_consumption_reduction	
RealisticWorkplacesAndHouseholdsSettings	ResetType	evicted_reset_type	
RealisticWorkplacesAndHouseholdsSettings	int	fire_sqm_per_worker	
RealisticWorkplacesAndHouseholdsSettings	int	garbage_sqm_per_worker	
RealisticWorkplacesAndHouseholdsSettings	float	hh_spawn_speed_rate	
RealisticWorkplacesAndHouseholdsSettings	int	hospital_sqm_per_patient	
RealisticWorkplacesAndHouseholdsSettings	int	hospital_sqm_per_worker	
RealisticWorkplacesAndHouseholdsSettings	bool	increase_power_production	
RealisticWorkplacesAndHouseholdsSettings	int	industry_area_base	
RealisticWorkplacesAndHouseholdsSettings	float	industry_avg_floor_height	
RealisticWorkplacesAndHouseholdsSettings	int	industry_sqm_per_worker	
RealisticWorkplacesAndHouseholdsSettings	int	noise_factor	
RealisticWorkplacesAndHouseholdsSettings	int	office_elevators_per_sqm	
RealisticWorkplacesAndHouseholdsSettings	int	office_height_base	
RealisticWorkplacesAndHouseholdsSettings	int	office_non_usable_space	
RealisticWorkplacesAndHouseholdsSettings	int	office_sqm_per_worker	
RealisticWorkplacesAndHouseholdsSettings	PacksEnum	pack_choice	
RealisticWorkplacesAndHouseholdsSettings	float	pack_low	
RealisticWorkplacesAndHouseholdsSettings	float	pack_MedHigh	
RealisticWorkplacesAndHouseholdsSettings	float	pack_row_homes	
RealisticWorkplacesAndHouseholdsSettings	int	park_sqm_per_worker	
RealisticWorkplacesAndHouseholdsSettings	int	police_sqm_per_worker	
RealisticWorkplacesAndHouseholdsSettings	int	port_sqm_per_worker	
RealisticWorkplacesAndHouseholdsSettings	int	postoffice_sqm_per_worker	
RealisticWorkplacesAndHouseholdsSettings	float	powerplant_employees_per_gw	
RealisticWorkplacesAndHouseholdsSettings	int	powerplant_sqm_per_worker	
RealisticWorkplacesAndHouseholdsSettings	bool	powerplant_use_employees_per_gw	
RealisticWorkplacesAndHouseholdsSettings	int	prison_non_usable_space	
RealisticWorkplacesAndHouseholdsSettings	int	prison_sqm_per_prisoner	
RealisticWorkplacesAndHouseholdsSettings	int	prisoners_per_officer	
RealisticWorkplacesAndHouseholdsSettings	int	rent_discount	
RealisticWorkplacesAndHouseholdsSettings	float	residential_avg_floor_height	
RealisticWorkplacesAndHouseholdsSettings	int	residential_hallway_space	
RealisticWorkplacesAndHouseholdsSettings	int	residential_l4_reduction	
RealisticWorkplacesAndHouseholdsSettings	int	residential_l5_reduction	
RealisticWorkplacesAndHouseholdsSettings	int	residential_lowdensity_sqm_per_apartment	
RealisticWorkplacesAndHouseholdsSettings	int	residential_sqm_per_apartment	
RealisticWorkplacesAndHouseholdsSettings	int	residential_units_per_elevator	
RealisticWorkplacesAndHouseholdsSettings	int	residential_vacancy_rate	
RealisticWorkplacesAndHouseholdsSettings	int	results_reduction	
RealisticWorkplacesAndHouseholdsSettings	int	rowhomes_apt_per_floor	
RealisticWorkplacesAndHouseholdsSettings	bool	rowhomes_basement	
RealisticWorkplacesAndHouseholdsSettings	int	service_upkeep_reduction	
RealisticWorkplacesAndHouseholdsSettings	bool	single_household_low_density	
RealisticWorkplacesAndHouseholdsSettings	int	solarpowerplant_reduction_factor	
RealisticWorkplacesAndHouseholdsSettings	float	sqm_college_adjuster	
RealisticWorkplacesAndHouseholdsSettings	int	sqm_per_student	
RealisticWorkplacesAndHouseholdsSettings	float	sqm_univ_adjuster	
RealisticWorkplacesAndHouseholdsSettings	int	students_per_teacher	
RealisticWorkplacesAndHouseholdsSettings	float	support_staff	
RealisticWorkplacesAndHouseholdsSettings	int	transit_station_sqm_per_worker	
RealisticWorkplacesAndHouseholdsSettings	int	warehouse_sqm_per_worker	
RealisticWorkplacesAndHouseholdsSettings	int	water_consumption_reduction	
RealisticWorkplacesAndHouseholdsSettings	bool	zero_park_and_parking_workers	
RealLifeSettings	int	adult_enter_high_school_prob	
RealLifeSettings	int	adult_female_birth_rate_bonus_adjuster	
RealLifeSettings	float	average_household_size	
RealLifeSettings	int	base_birth_rate_adjuster	
RealLifeSettings	int	child_age_limit	
RealLifeSettings	int	child_school_start_age	
RealLifeSettings	int	college_edu_in_univ	
RealLifeSettings	int	college_grad_prob	
RealLifeSettings	int	corpse_vanish	
RealLifeSettings	bool	disable_household_deletion	
RealLifeSettings	int	divorce_rate_adjuster	
RealLifeSettings	int	elementary_grad_prob	
RealLifeSettings	int	enter_high_school_prob	
RealLifeSettings	int	female_adult_age_limit	
RealLifeSettings	int	female_life_expectancy	
RealLifeSettings	int	high_grad_prob	
RealLifeSettings	int	look_for_partner_rate_adjuster	
RealLifeSettings	int	male_adult_age_limit	
RealLifeSettings	int	male_life_expectancy	
RealLifeSettings	int	student_birth_rate_adjuster	
RealLifeSettings	int	teen_age_limit	
RealLifeSettings	int	university_grad_prob	
RealLifeSettings	int	worker_continue_education	
RealLifeSettings	int	years_in_college	
RealLifeSettings	int	years_in_university	
RecolorSettings	ProxyBinding	ActivateColorPainter	
RecolorSettings	bool	AlwaysMinimizedAtGameStart	
RecolorSettings	bool	ColorPainterAutomaticCopyColor	
RecolorSettings	ProxyBinding	FenceSelectorMode	
RecolorSettings	bool	Minimized	
RecolorSettings	bool	MinimizePaletteChooserDuringPlacement	
RecolorSettings	PaletteChooserBehavior	PaletteChooserBehaviorWhenSwitchingPrefab	
RecolorSettings	string	PreviousVersion	
RecolorSettings	string[]	SelectedLocaleCodes	TRUE
RecolorSettings	bool	ShowHexaDecimals	
RecolorSettings	bool	ShowPalettesOptionDuringPlacement	
RecolorSettings	bool	ShowSIPPaletteOptions	
RegionFlagIconsSettings	string	FlagCN	
RegionFlagIconsSettings	string	FlagDE	
RegionFlagIconsSettings	string	FlagEE	
RegionFlagIconsSettings	string	FlagFR	
RegionFlagIconsSettings	string	FlagJP	
RegionFlagIconsSettings	string	FlagNE	
RegionFlagIconsSettings	string	FlagNL	
RegionFlagIconsSettings	string	FlagSW	
RegionFlagIconsSettings	string	FlagUK	
RegionFlagIconsSettings	FlagStyle_NA	NorthAmericanFlagStyle	
RegionFlagIconsSettings	string	RestartGameText	
ResourceLocatorSettings	ColorOption	ColorOption	
ResourceLocatorSettings	DisplayOption	DisplayOption	
ResourceLocatorSettings	bool	IncludeCargoStation	
ResourceLocatorSettings	bool	IncludeCoalPowerPlant	
ResourceLocatorSettings	bool	IncludeEmeregencyShelter	
ResourceLocatorSettings	bool	IncludeGasPowerPlant	
ResourceLocatorSettings	bool	IncludeMedicalFacility	
ResourceLocatorSettings	bool	IncludeRecyclingCenter	
ResourceLocatorSettings	float	OneColorB	
ResourceLocatorSettings	float	OneColorG	
ResourceLocatorSettings	float	OneColorR	
RoadBuilderSettings	ProxyBinding	ApplyMimic	
RoadBuilderSettings	bool	AskToResetRoads	
RoadBuilderSettings	ProxyBinding	CancelMimic	
RoadBuilderSettings	bool	DoNotAddSides	
RoadBuilderSettings	bool	HideArrowsOnThumbnails	
RoadBuilderSettings	bool	HideRoadsFromToolbarByDefault	
RoadBuilderSettings	bool	NoImitateLaneOptionsOnPlace	
RoadBuilderSettings	bool	NoPlaysetIsolation	
RoadBuilderSettings	ProxyBinding	PlaceToggle	
RoadBuilderSettings	bool	RemoveLockRequirements	
RoadBuilderSettings	bool	RemoveSafetyMeasures	
RoadBuilderSettings	bool	SaveUsedRoadsOnly	
RoadBuilderSettings	ProxyBinding	ToolToggle	
RoadBuilderSettings	bool	UnrestrictedLanes	
RoadConstructionEventsSettings	float	ActiveClosureCount	
RoadConstructionEventsSettings	bool	AllowHighwayClosures	
RoadConstructionEventsSettings	bool	AvoidBikeLanes	
RoadConstructionEventsSettings	bool	AvoidMiddleLaneClosures	
RoadConstructionEventsSettings	bool	AvoidOutsideConnections	
RoadConstructionEventsSettings	bool	AvoidParkingAndAccessRoads	
RoadConstructionEventsSettings	bool	BlockLaneConnections	
RoadConstructionEventsSettings	float	CandidateScanLimit	
RoadConstructionEventsSettings	bool	CleanupOrphanedClosuresOnLoad	
RoadConstructionEventsSettings	float	ClosureDurationSeconds	
RoadConstructionEventsSettings	bool	ConditionDrivenClosureCount	
RoadConstructionEventsSettings	float	ConstructionMergeRadiusMeters	
RoadConstructionEventsSettings	float	ConstructionPropCount	
RoadConstructionEventsSettings	bool	EmergencyCorridorEnabled	
RoadConstructionEventsSettings	float	EmergencyCorridorRadiusMeters	
RoadConstructionEventsSettings	float	EmergencyCorridorSideNudge	
RoadConstructionEventsSettings	float	EmergencyCorridorYieldSpeedKmh	
RoadConstructionEventsSettings	bool	Enabled	
RoadConstructionEventsSettings	bool	FullSegmentWorkZones	
RoadConstructionEventsSettings	bool	HardLaneClosure	
RoadConstructionEventsSettings	bool	IncludeEquipmentProps	
RoadConstructionEventsSettings	bool	MergeNearbyConstructionSites	
RoadConstructionEventsSettings	float	MinimumRoadLengthMeters	
RoadConstructionEventsSettings	float	RandomSeed	
RoadConstructionEventsSettings	float	ReopenCooldownSeconds	
RoadConstructionEventsSettings	bool	RequireMultipleCarLanes	
RoadConstructionEventsSettings	bool	RestoreWhenDisabled	
RoadConstructionEventsSettings	float	RoadConditionClosureThreshold	
RoadConstructionEventsSettings	bool	ShowClosureIcons	
RoadConstructionEventsSettings	bool	ShowConstructionProps	
RoadConstructionEventsSettings	bool	ShowConstructionSupportVehicle	
RoadConstructionEventsSettings	bool	ShowPoliceSupportVehicle	
RoadConstructionEventsSettings	bool	ShowRoadDamageVisuals	
RoadConstructionEventsSettings	bool	SingleLaneOnly	
RoadConstructionEventsSettings	float	SupportArrivalTimeoutSeconds	
RoadConstructionEventsSettings	bool	TemporaryAlternatingSignals	
RoadConstructionEventsSettings	float	TimeBetweenStartsSeconds	
RoadConstructionEventsSettings	bool	UseBottleneckIcon	
RoadConstructionEventsSettings	bool	UseForbiddenPathCost	
RoadConstructionEventsSettings	bool	UseFullLaneBlockage	
RoadConstructionEventsSettings	bool	UseGeneratedConstructionProps	
RoadConstructionEventsSettings	bool	UsePhysicalLaneBlockers	
RoadConstructionEventsSettings	bool	UseRoadConditionSelection	
RoadConstructionEventsSettings	bool	WaitForSupportBeforeTrafficControl	
RoadNameRemoverSettings	bool	HideAlleyNames	
RoadNameRemoverSettings	bool	HideBridgeNames	
RoadNameRemoverSettings	bool	HideDamNames	
RoadNameRemoverSettings	bool	HideDistrictNames	
RoadNameRemoverSettings	bool	HideHighwayNames	
RoadNameRemoverSettings	bool	HideStreetNames	
RoadPrecisionSettings	int	AngleDecimalPlaces	
RoadPrecisionSettings	int	DistanceDecimalPlaces	
RoadPrecisionSettings	bool	EnableFloatAngle	
RoadPrecisionSettings	bool	EnableFloatDistance	
RoadWearAdjusterSettings	bool	BicycleLaneOverrideEnable	
RoadWearAdjusterSettings	float	BicycleLaneTextureBrightness	
RoadWearAdjusterSettings	float	BicycleLaneTextureHue	
RoadWearAdjusterSettings	float	BicycleLaneTextureOpacity	
RoadWearAdjusterSettings	float	BicycleLaneTextureSmoothness	
RoadWearAdjusterSettings	TextureVariantEnum	BicycleLaneTextureVariant	
RoadWearAdjusterSettings	bool	BusLaneOverrideEnable	
RoadWearAdjusterSettings	float	BusLaneTextureBrightness	
RoadWearAdjusterSettings	float	BusLaneTextureHue	
RoadWearAdjusterSettings	float	BusLaneTextureOpacity	
RoadWearAdjusterSettings	float	BusLaneTextureSmoothness	
RoadWearAdjusterSettings	TextureVariantEnum	BusLaneTextureVariant	
RoadWearAdjusterSettings	bool	CarRoadWearOverrideEnable	
RoadWearAdjusterSettings	float	CarRoadWearTextureBrightness	
RoadWearAdjusterSettings	float	CarRoadWearTextureOpacity	
RoadWearAdjusterSettings	float	CarRoadWearTextureSmoothness	
RoadWearAdjusterSettings	TextureVariantEnum	CarRoadWearTextureVariant	
RoadWearAdjusterSettings	bool	GravelRoadWearOverrideEnable	
RoadWearAdjusterSettings	float	GravelRoadWearTextureBrightness	
RoadWearAdjusterSettings	float	GravelRoadWearTextureOpacity	
RoadWearAdjusterSettings	float	GravelRoadWearTextureSmoothness	
RoadWearAdjusterSettings	TextureVariantEnum	GravelRoadWearTextureVariant	
RoadWearAdjusterSettings	float	TextureBrightness	
RoadWearAdjusterSettings	float	TextureOpacity	
RoadWearAdjusterSettings	float	TextureSmoothness	
RoadWearAdjusterSettings	int	TextureVariant	
RoadWearToolToggleSettings	bool	Enabled	
ServiceCimsSettings	int	DispatchIntervalMinutes	
ServiceCimsSettings	int	MaintenanceThresholdPercent	
ServiceCimsSettings	int	MaxVolunteersPerDispatch	
ServiceCimsSettings	int	MinFailureCount	
ShowMoreHappinessSettings	int	MaximumFactors	
ShowMoreHappinessSettings	PositiveNegativeValuesChoice	PositiveNegativeValues	
ShowMoreHappinessSettings	bool	ShowZeroValues	
ShowMoreHappinessSettings	SortDirectionChoice	SortDirection	
SimpleBrushSettings	bool	InfiniteFertility	
SimpleBrushSettings	bool	InfiniteFish	
SimpleBrushSettings	bool	InfiniteOil	
SimpleBrushSettings	bool	InfiniteOre	
SimpleModCheckerSettings	bool	AutoCleanUpOldVersions	TRUE
SimpleModCheckerSettings	bool	AutoRestoreSettingBackupOnStartup	
SimpleModCheckerSettings	bool	AutoSaveOffChirp	
SimpleModCheckerSettings	bool	DeleteCorrupted	
SimpleModCheckerSettings	bool	DeleteMissingCIDs	TRUE
SimpleModCheckerSettings	bool	DisableContinueInGame	
SimpleModCheckerSettings	bool	DisableContinueOnLauncher	
SimpleModCheckerSettings	bool	EnableVerboseLogging	TRUE
SimpleModCheckerSettings	bool	IsCleaningUp	TRUE
SimpleModCheckerSettings	bool	IsCustomChirpsOn	
SimpleModCheckerSettings	bool	IsInGameOrEditor	TRUE
SimpleModCheckerSettings	int	ModDatabaseTimeVersion	TRUE
SimpleModCheckerSettings	string	ModFolderDropdown	TRUE
SimpleModCheckerSettings	int	ModFolderListVersion	TRUE
SimpleModCheckerSettings	int	ModLoadedVersion	TRUE
SimpleModCheckerSettings	bool	PlaySound	
SimpleModCheckerSettings	int	ProfileDropdown	
SimpleModCheckerSettings	int	ProfileListVersion	TRUE
SimpleModCheckerSettings	string	ProfileName0	TRUE
SimpleModCheckerSettings	string	ProfileName1	
SimpleModCheckerSettings	string	ProfileName2	
SimpleModCheckerSettings	string	ProfileName3	
SimpleModCheckerSettings	string	ProfileName4	
SimpleModCheckerSettings	string	ProfileName5	
SimpleModCheckerSettings	string	ProfileName6	
SimpleModCheckerSettings	string	ProfileName7	
SimpleModCheckerSettings	string	ProfileName8	
SimpleModCheckerSettings	string	ProfileName9	
SimpleModCheckerSettings	bool	ShowNotif	
SimpleModCheckerSettings	bool	VerifyRunning	TRUE
SimpleRadioSettings	bool	EnableMP3	
SimpleRadioSettings	bool	EnableWAV	
SimpleRadioSettings	string	LastStation	TRUE
SirenChangerSettings	string	AlternateAmbientFallbackSelection	
SirenChangerSettings	string	AlternateBuildingFallbackSelection	
SirenChangerSettings	string	AlternateFallbackSiren	
SirenChangerSettings	string	AlternateVehicleEngineFallbackSelection	
SirenChangerSettings	bool	AmbientEnabled	
SirenChangerSettings	bool	AmbientMuteAllTargets	
SirenChangerSettings	string	AmbientOverrideSelection	
SirenChangerSettings	string	AmbientOverrideTarget	
SirenChangerSettings	float	AmbientProfileDoppler	
SirenChangerSettings	float	AmbientProfileFadeInSeconds	
SirenChangerSettings	float	AmbientProfileFadeOutSeconds	
SirenChangerSettings	bool	AmbientProfileLoop	
SirenChangerSettings	float	AmbientProfileMaxDistance	
SirenChangerSettings	float	AmbientProfileMinDistance	
SirenChangerSettings	float	AmbientProfilePitch	
SirenChangerSettings	bool	AmbientProfileRandomStartTime	
SirenChangerSettings	int	AmbientProfileRolloffMode	
SirenChangerSettings	float	AmbientProfileSpatialBlend	
SirenChangerSettings	float	AmbientProfileSpread	
SirenChangerSettings	float	AmbientProfileVolume	
SirenChangerSettings	string	AmbulanceSirenEU	
SirenChangerSettings	string	AmbulanceSirenNA	
SirenChangerSettings	bool	AutoApplySoundSetPerCity	
SirenChangerSettings	bool	BuildingEnabled	
SirenChangerSettings	bool	BuildingMuteAllTargets	
SirenChangerSettings	string	BuildingOverrideSelection	
SirenChangerSettings	string	BuildingOverrideTarget	
SirenChangerSettings	float	BuildingProfileDoppler	
SirenChangerSettings	float	BuildingProfileFadeInSeconds	
SirenChangerSettings	float	BuildingProfileFadeOutSeconds	
SirenChangerSettings	bool	BuildingProfileLoop	
SirenChangerSettings	float	BuildingProfileMaxDistance	
SirenChangerSettings	float	BuildingProfileMinDistance	
SirenChangerSettings	float	BuildingProfilePitch	
SirenChangerSettings	bool	BuildingProfileRandomStartTime	
SirenChangerSettings	int	BuildingProfileRolloffMode	
SirenChangerSettings	float	BuildingProfileSpatialBlend	
SirenChangerSettings	float	BuildingProfileSpread	
SirenChangerSettings	float	BuildingProfileVolume	
SirenChangerSettings	string	CopyFromAmbientProfile	
SirenChangerSettings	string	CopyFromBuildingProfile	
SirenChangerSettings	string	CopyFromProfile	
SirenChangerSettings	string	CopyFromVehicleEngineProfile	
SirenChangerSettings	string	DeveloperAmbientSelection	TRUE
SirenChangerSettings	string	DeveloperBuildingSelection	TRUE
SirenChangerSettings	string	DeveloperEngineSelection	TRUE
SirenChangerSettings	string	DeveloperModuleDisplayName	TRUE
SirenChangerSettings	string	DeveloperModuleExportDirectory	TRUE
SirenChangerSettings	string	DeveloperModuleFolderName	TRUE
SirenChangerSettings	string	DeveloperModuleId	TRUE
SirenChangerSettings	string	DeveloperModuleLocalAmbientSelection	TRUE
SirenChangerSettings	string	DeveloperModuleLocalBuildingSelection	TRUE
SirenChangerSettings	string	DeveloperModuleLocalEngineSelection	TRUE
SirenChangerSettings	string	DeveloperModuleLocalSirenSelection	TRUE
SirenChangerSettings	string	DeveloperModuleLocalTransitAnnouncementSelection	TRUE
SirenChangerSettings	string	DeveloperModuleSoundSetProfileSelection	TRUE
SirenChangerSettings	int	DeveloperModuleUploadAccessLevel	TRUE
SirenChangerSettings	string	DeveloperModuleUploadAdditionalDependencies	TRUE
SirenChangerSettings	string	DeveloperModuleUploadDescription	TRUE
SirenChangerSettings	string	DeveloperModuleUploadExistingPublishedId	TRUE
SirenChangerSettings	int	DeveloperModuleUploadPublishMode	TRUE
SirenChangerSettings	string	DeveloperModuleUploadThumbnailDirectory	TRUE
SirenChangerSettings	string	DeveloperModuleUploadThumbnailPath	TRUE
SirenChangerSettings	string	DeveloperModuleVersion	TRUE
SirenChangerSettings	string	DeveloperSirenSelection	TRUE
SirenChangerSettings	bool	DumpAllSirenCandidates	
SirenChangerSettings	bool	DumpDetectedSirens	
SirenChangerSettings	string	EditAmbientProfile	
SirenChangerSettings	string	EditBuildingProfile	
SirenChangerSettings	string	EditProfile	
SirenChangerSettings	string	EditVehicleEngineProfile	
SirenChangerSettings	bool	Enabled	
SirenChangerSettings	string	FireTruckSirenEU	
SirenChangerSettings	string	FireTruckSirenNA	
SirenChangerSettings	int	MissingAmbientFallbackBehavior	
SirenChangerSettings	int	MissingBuildingFallbackBehavior	
SirenChangerSettings	int	MissingSirenFallbackBehavior	
SirenChangerSettings	int	MissingVehicleEngineFallbackBehavior	
SirenChangerSettings	string	NewCitySoundSetName	
SirenChangerSettings	string	PoliceSirenEU	
SirenChangerSettings	string	PoliceSirenNA	
SirenChangerSettings	float	ProfileDoppler	
SirenChangerSettings	float	ProfileFadeInSeconds	
SirenChangerSettings	float	ProfileFadeOutSeconds	
SirenChangerSettings	bool	ProfileLoop	
SirenChangerSettings	float	ProfileMaxDistance	
SirenChangerSettings	float	ProfileMinDistance	
SirenChangerSettings	float	ProfilePitch	
SirenChangerSettings	bool	ProfileRandomStartTime	
SirenChangerSettings	int	ProfileRolloffMode	
SirenChangerSettings	float	ProfileSpatialBlend	
SirenChangerSettings	float	ProfileSpread	
SirenChangerSettings	float	ProfileVolume	
SirenChangerSettings	string	SelectedCitySoundSet	
SirenChangerSettings	string	SelectedCitySoundSetBinding	
SirenChangerSettings	string	SpecificVehiclePrefab	
SirenChangerSettings	string	SpecificVehicleSirenOverride	
SirenChangerSettings	float	TransitAnnouncementGlobalMaxDistance	
SirenChangerSettings	float	TransitAnnouncementGlobalMinDistance	
SirenChangerSettings	float	TransitAnnouncementGlobalVolume	
SirenChangerSettings	string	TransitAnnouncementLineArrivalOverride	
SirenChangerSettings	string	TransitAnnouncementLineDepartureOverride	
SirenChangerSettings	string	TransitAnnouncementLineOverrideService	
SirenChangerSettings	string	TransitAnnouncementSelectedLineOverride	
SirenChangerSettings	string	TransitAnnouncementSelectedStationOverride	
SirenChangerSettings	bool	TransitAnnouncementsEnabled	
SirenChangerSettings	bool	VehicleEngineEnabled	
SirenChangerSettings	string	VehicleEngineOverrideSelection	
SirenChangerSettings	string	VehicleEngineOverrideTarget	
SirenChangerSettings	float	VehicleEngineProfileDoppler	
SirenChangerSettings	float	VehicleEngineProfileFadeInSeconds	
SirenChangerSettings	float	VehicleEngineProfileFadeOutSeconds	
SirenChangerSettings	bool	VehicleEngineProfileLoop	
SirenChangerSettings	float	VehicleEngineProfileMaxDistance	
SirenChangerSettings	float	VehicleEngineProfileMinDistance	
SirenChangerSettings	float	VehicleEngineProfilePitch	
SirenChangerSettings	bool	VehicleEngineProfileRandomStartTime	
SirenChangerSettings	int	VehicleEngineProfileRolloffMode	
SirenChangerSettings	float	VehicleEngineProfileSpatialBlend	
SirenChangerSettings	float	VehicleEngineProfileSpread	
SirenChangerSettings	float	VehicleEngineProfileVolume	
SmartTransportationSettings	float	busy_stop_enter_pct	
SmartTransportationSettings	float	busy_stop_exit_pct	
SmartTransportationSettings	bool	debug	
SmartTransportationSettings	bool	disable_Airplane	
SmartTransportationSettings	bool	disable_bus	
SmartTransportationSettings	bool	disable_chirps	
SmartTransportationSettings	bool	disable_Ferry	
SmartTransportationSettings	bool	disable_Ship	
SmartTransportationSettings	bool	disable_Subway	
SmartTransportationSettings	bool	disable_Train	
SmartTransportationSettings	bool	disable_Tram	
SmartTransportationSettings	float	max_adjustable_ongoing_unit	
SmartTransportationSettings	int	max_ticket_discount_Airplane	
SmartTransportationSettings	int	max_ticket_discount_bus	
SmartTransportationSettings	int	max_ticket_discount_Ferry	
SmartTransportationSettings	int	max_ticket_discount_Ship	
SmartTransportationSettings	int	max_ticket_discount_Subway	
SmartTransportationSettings	int	max_ticket_discount_Train	
SmartTransportationSettings	int	max_ticket_discount_Tram	
SmartTransportationSettings	int	max_ticket_increase_Airplane	
SmartTransportationSettings	int	max_ticket_increase_bus	
SmartTransportationSettings	int	max_ticket_increase_Ferry	
SmartTransportationSettings	int	max_ticket_increase_Ship	
SmartTransportationSettings	int	max_ticket_increase_Subway	
SmartTransportationSettings	int	max_ticket_increase_Train	
SmartTransportationSettings	int	max_ticket_increase_Tram	
SmartTransportationSettings	int	max_vahicles_adj_Airplane	
SmartTransportationSettings	int	max_vahicles_adj_bus	
SmartTransportationSettings	int	max_vahicles_adj_Ferry	
SmartTransportationSettings	int	max_vahicles_adj_Ship	
SmartTransportationSettings	int	max_vahicles_adj_Subway	
SmartTransportationSettings	int	max_vahicles_adj_Train	
SmartTransportationSettings	int	max_vahicles_adj_Tram	
SmartTransportationSettings	int	min_vahicles_adj_Airplane	
SmartTransportationSettings	int	min_vahicles_adj_bus	
SmartTransportationSettings	int	min_vahicles_adj_Ferry	
SmartTransportationSettings	int	min_vahicles_adj_Ship	
SmartTransportationSettings	int	min_vahicles_adj_Subway	
SmartTransportationSettings	int	min_vahicles_adj_Train	
SmartTransportationSettings	int	min_vahicles_adj_Tram	
SmartTransportationSettings	int	standard_ticket_Airplane	
SmartTransportationSettings	int	standard_ticket_bus	
SmartTransportationSettings	int	standard_ticket_Ferry	
SmartTransportationSettings	int	standard_ticket_Ship	
SmartTransportationSettings	int	standard_ticket_Subway	
SmartTransportationSettings	int	standard_ticket_Train	
SmartTransportationSettings	int	standard_ticket_Tram	
SmartTransportationSettings	int	target_occupancy_Airplane	
SmartTransportationSettings	int	target_occupancy_bus	
SmartTransportationSettings	int	target_occupancy_Ferry	
SmartTransportationSettings	int	target_occupancy_Ship	
SmartTransportationSettings	int	target_occupancy_Subway	
SmartTransportationSettings	int	target_occupancy_Train	
SmartTransportationSettings	int	target_occupancy_Tram	
SmartTransportationSettings	float	threshold	
SmartTransportationSettings	UpdateFreqEnum	updateFreq	
SmartTransportationSettings	float	waiting_time_weight	
SmartUpkeepManagerSettings	int	AdminBuilding	
SmartUpkeepManagerSettings	int	Airplane	
SmartUpkeepManagerSettings	int	AirPollution	
SmartUpkeepManagerSettings	int	Ambulance	
SmartUpkeepManagerSettings	int	Attraction	
SmartUpkeepManagerSettings	int	BatteryCap	
SmartUpkeepManagerSettings	int	BatteryOut	
SmartUpkeepManagerSettings	int	BodyProcessing	
SmartUpkeepManagerSettings	int	BodyStorage	
SmartUpkeepManagerSettings	int	Bus	
SmartUpkeepManagerSettings	bool	CityBonusMultiplier	
SmartUpkeepManagerSettings	int	ComfortFactor	
SmartUpkeepManagerSettings	int	DeliveryTruck	
SmartUpkeepManagerSettings	bool	Disable	
SmartUpkeepManagerSettings	int	DisasterFacility	
SmartUpkeepManagerSettings	int	DispatchCenter	
SmartUpkeepManagerSettings	int	DumpTruck	
SmartUpkeepManagerSettings	int	EarlyDisasterWarningSystem	
SmartUpkeepManagerSettings	int	ElectricityProduction	
SmartUpkeepManagerSettings	int	EmergencyGenerator	
SmartUpkeepManagerSettings	int	EmergencyPolice	
SmartUpkeepManagerSettings	int	EmployeeUpkeep	
SmartUpkeepManagerSettings	int	EnergyElectricity	
SmartUpkeepManagerSettings	int	EnergyFuel	
SmartUpkeepManagerSettings	int	EvacuationBus	
SmartUpkeepManagerSettings	int	Fibre	
SmartUpkeepManagerSettings	int	FireDisasterCap	
SmartUpkeepManagerSettings	int	FireHelicopter	
SmartUpkeepManagerSettings	int	FireTruck	
SmartUpkeepManagerSettings	int	FireVehicleEffi	
SmartUpkeepManagerSettings	int	Firewatch	
SmartUpkeepManagerSettings	int	GarbageCap	
SmartUpkeepManagerSettings	int	GarbagePowered	
SmartUpkeepManagerSettings	int	GarbageProcessing	
SmartUpkeepManagerSettings	int	GarbageTruck	
SmartUpkeepManagerSettings	int	GroundPollution	
SmartUpkeepManagerSettings	int	GroundWaterPowered	
SmartUpkeepManagerSettings	int	HealthBonus	
SmartUpkeepManagerSettings	int	HealthRange	
SmartUpkeepManagerSettings	int	Hearse	
SmartUpkeepManagerSettings	int	Intelligence	
SmartUpkeepManagerSettings	int	LeisureAttractions	
SmartUpkeepManagerSettings	int	LeisureCityBeach	
SmartUpkeepManagerSettings	int	LeisureCityIndoors	
SmartUpkeepManagerSettings	int	LeisureCityPark	
SmartUpkeepManagerSettings	int	LeisureCommercial	
SmartUpkeepManagerSettings	int	LeisureEfficieny	
SmartUpkeepManagerSettings	int	LeisureEntertainment	
SmartUpkeepManagerSettings	int	LeisureMeals	
SmartUpkeepManagerSettings	int	LeisureRelaxation	
SmartUpkeepManagerSettings	int	LeisureSightseeing	
SmartUpkeepManagerSettings	int	LeisureTravel	
SmartUpkeepManagerSettings	int	LocalJail	
SmartUpkeepManagerSettings	int	MailCap	
SmartUpkeepManagerSettings	int	MaintenanceBoost	
SmartUpkeepManagerSettings	int	MedicalHelicopter	
SmartUpkeepManagerSettings	int	NetworkCap	
SmartUpkeepManagerSettings	int	NoisePollution	
SmartUpkeepManagerSettings	int	ParkingSpots	
SmartUpkeepManagerSettings	int	ParkMaintenance	
SmartUpkeepManagerSettings	int	ParkMaintenanceVehicle	
SmartUpkeepManagerSettings	int	Patient	
SmartUpkeepManagerSettings	int	Patrol	
SmartUpkeepManagerSettings	int	PatrolCar	
SmartUpkeepManagerSettings	int	PlatformMaintenance	
SmartUpkeepManagerSettings	int	PlotPrice	
SmartUpkeepManagerSettings	int	PoliceHelicopter	
SmartUpkeepManagerSettings	int	PostSortingRate	
SmartUpkeepManagerSettings	int	PostTruck	
SmartUpkeepManagerSettings	int	PostVan	
SmartUpkeepManagerSettings	int	PrisonerCap	
SmartUpkeepManagerSettings	int	PrisonerHealth	
SmartUpkeepManagerSettings	int	PrisonerWellbeing	
SmartUpkeepManagerSettings	int	PrisonVan	
SmartUpkeepManagerSettings	int	Purification	
SmartUpkeepManagerSettings	int	ResearchFacility	
SmartUpkeepManagerSettings	int	RoadMaintenance	
SmartUpkeepManagerSettings	int	RoadMaintenanceVehicle	
SmartUpkeepManagerSettings	int	Rocket	
SmartUpkeepManagerSettings	bool	ServiceBudgetMultiplier	
SmartUpkeepManagerSettings	int	ServiceCoverageMultiplier	
SmartUpkeepManagerSettings	int	SewageOutCap	
SmartUpkeepManagerSettings	int	ShelterCap	
SmartUpkeepManagerSettings	int	Ship	
SmartUpkeepManagerSettings	int	SnowPloughing	
SmartUpkeepManagerSettings	int	SolarPowered	
SmartUpkeepManagerSettings	int	StorageUpkeep	
SmartUpkeepManagerSettings	int	Student	
SmartUpkeepManagerSettings	int	StudentGraduation	
SmartUpkeepManagerSettings	int	StudentHealth	
SmartUpkeepManagerSettings	int	StudentWellbeing	
SmartUpkeepManagerSettings	int	Subway	
SmartUpkeepManagerSettings	int	Taxi	
SmartUpkeepManagerSettings	int	TelecomRange	
SmartUpkeepManagerSettings	int	Towing	
SmartUpkeepManagerSettings	int	TradedResource	
SmartUpkeepManagerSettings	int	Train	
SmartUpkeepManagerSettings	int	Tram	
SmartUpkeepManagerSettings	int	Transformer	
SmartUpkeepManagerSettings	int	Treatment	
SmartUpkeepManagerSettings	int	Uniqueness	
SmartUpkeepManagerSettings	bool	VerboseLogging	TRUE
SmartUpkeepManagerSettings	int	WaterPowered	
SmartUpkeepManagerSettings	int	WaterPumpCap	
SmartUpkeepManagerSettings	int	WelfareOffice	
SmartUpkeepManagerSettings	int	WindPowered	
SmartUpkeepManagerSettings	int	Wireless	
SnapToTopographySettings	int	SnapInterval	
SnapToTopographySettings	bool	Toggle	
SpeechFreeRadioSettings	bool	ToggleAllowWeather	
StationNamingSettings	string	AddressNameFormat	
StationNamingSettings	bool	AdminAutoNaming	
StationNamingSettings	bool	AdminSource	
StationNamingSettings	bool	ApplyXfixToStops	
StationNamingSettings	bool	ApplyXfixToTransportStation	
StationNamingSettings	bool	AutoNaming	
StationNamingSettings	bool	AutoUpdate	
StationNamingSettings	bool	BuildingName	
StationNamingSettings	bool	BuildingNameWithCurrentRoad	
StationNamingSettings	bool	DeathcareAutoNaming	
StationNamingSettings	bool	DeathcareSource	
StationNamingSettings	bool	DisasterAutoNaming	
StationNamingSettings	bool	DisasterSource	
StationNamingSettings	NameFormat	DistrictFormat	TRUE
StationNamingSettings	bool	DistrictPrefixSeparately	
StationNamingSettings	bool	ElectricityAutoNaming	
StationNamingSettings	bool	ElectricitySource	
StationNamingSettings	bool	Enable	
StationNamingSettings	bool	EnableDistrict	
StationNamingSettings	bool	EnableDistrictPrefix	
StationNamingSettings	bool	FireStationAutoNaming	
StationNamingSettings	bool	FireStationSource	
StationNamingSettings	bool	GarbageAutoNaming	
StationNamingSettings	bool	GarbageSource	
StationNamingSettings	bool	HospitalAutoNaming	
StationNamingSettings	bool	HospitalSource	
StationNamingSettings	bool	IntersectionSource	
StationNamingSettings	string	NamedAddressNameFormat	
StationNamingSettings	string	NamingSeparator	
StationNamingSettings	bool	OverrideVanillaAddress	
StationNamingSettings	bool	ParkAutoNaming	
StationNamingSettings	bool	ParkingAutoNaming	
StationNamingSettings	bool	ParkingSource	
StationNamingSettings	bool	ParkSource	
StationNamingSettings	bool	PoliceStationAutoNaming	
StationNamingSettings	bool	PoliceStationSource	
StationNamingSettings	bool	PostAutoNaming	
StationNamingSettings	bool	PostSource	
StationNamingSettings	string	Prefix	
StationNamingSettings	bool	ReverseRoadOrder	
StationNamingSettings	bool	RoadFacilityAutoNaming	
StationNamingSettings	bool	RoadFacilitySource	
StationNamingSettings	NameFormat	RoadFormat	TRUE
StationNamingSettings	bool	RoadSource	
StationNamingSettings	bool	SchoolAutoNaming	
StationNamingSettings	bool	SchoolSource	
StationNamingSettings	int	SearchDepth	
StationNamingSettings	bool	SewageAutoNaming	
StationNamingSettings	bool	SewageSource	
StationNamingSettings	bool	SpawnableBuildingName	
StationNamingSettings	int	StopNameSourcePriority1	
StationNamingSettings	int	StopNameSourcePriority2	
StationNamingSettings	int	StopNameSourcePriority3	
StationNamingSettings	string	StopPrefix	
StationNamingSettings	string	StopSuffix	
StationNamingSettings	string	Suffix	
StationNamingSettings	bool	TelecomAutoNaming	
StationNamingSettings	bool	TelecomSource	
StationNamingSettings	bool	TransportDepotAutoNaming	
StationNamingSettings	bool	TransportDepotSource	
StationNamingSettings	bool	TransportStationAutoNaming	
StationNamingSettings	string	TransportStationPrefix	
StationNamingSettings	bool	TransportStationSource	
StationNamingSettings	string	TransportStationSuffix	
StationNamingSettings	bool	TransportStopAutoNaming	
StationNamingSettings	bool	WaterAutoNaming	
StationNamingSettings	bool	WaterSource	
SunGlassesSettings	BrightenDarknessLevel	BrightenLevel	
SunGlassesSettings	bool	Contra	
SunGlassesSettings	float	GroundDiffuseLight	
SunGlassesSettings	float	IndirectDiffuseSunLighting	
SunGlassesSettings	bool	LensFlare	
SunGlassesSettings	float	SkyExposure	
SunGlassesSettings	float	SunBloom	
SunGlassesSettings	float	SunLightIntensity	
SunGlassesSettings	float	SunSize	
ToggleOverlaysSettings	bool	AutomaticallyOpenInfoView	
ToggleOverlaysSettings	bool	AutomaticallySwitchInfoViewIfOpen	
ToggleOverlaysSettings	bool	CloseInfoViewOnAssetChange	
ToggleOverlaysSettings	ColorMode	ColorblindMode	
ToggleOverlaysSettings	bool	HideUIToggle	
ToggleOverlaysSettings	bool	OpenInfoViewWhenSelectingAsset	
ToggleOverlaysSettings	ProxyBinding	ToggleShaderKeyBinding	
ToggleOverlaysSettings	bool	UseDaytimeForDarkMode	
TradingCostTweakerSettings	float	AirDistanceMultiplier	
TradingCostTweakerSettings	float	AirWeightMultiplier	
TradingCostTweakerSettings	float	AmbulanceFee	
TradingCostTweakerSettings	int	ElectricityExportPrice	
TradingCostTweakerSettings	int	ElectricityImportPrice	
TradingCostTweakerSettings	float	FireEngineFee	
TradingCostTweakerSettings	float	GarbageFee	
TradingCostTweakerSettings	float	HearseFee	
TradingCostTweakerSettings	bool	NotGameMode	TRUE
TradingCostTweakerSettings	int	PoliceFee	
TradingCostTweakerSettings	int	PopulationMultiplier	
TradingCostTweakerSettings	double	PopulationValue	
TradingCostTweakerSettings	float	RoadDistanceMultiplier	
TradingCostTweakerSettings	float	RoadWeightMultiplier	
TradingCostTweakerSettings	int	SewageExportPrice	
TradingCostTweakerSettings	float	ShipDistanceMultiplier	
TradingCostTweakerSettings	float	ShipWeightMultiplier	
TradingCostTweakerSettings	float	TrainDistanceMultiplier	
TradingCostTweakerSettings	float	TrainWeightMultiplier	
TradingCostTweakerSettings	int	WaterExportPollutionTolerance	
TradingCostTweakerSettings	int	WaterExportPrice	
TradingCostTweakerSettings	int	WaterImportPrice	
TrafficLightsEnhancementSettings	int	ChangeMetric	TRUE
TrafficLightsEnhancementSettings	string	Id	TRUE
TrafficLightsEnhancementSettings	float	IntervalExponent	TRUE
TrafficLightsEnhancementSettings	bool	m_CompatibilityMode	
TrafficLightsEnhancementSettings	bool	m_CompatibilityModeOption	
TrafficLightsEnhancementSettings	string	m_ComponentTypeToClear	
TrafficLightsEnhancementSettings	bool	m_DefaultAlwaysGreenKerbsideTurn	
TrafficLightsEnhancementSettings	bool	m_DefaultExclusivePedestrian	
TrafficLightsEnhancementSettings	bool	m_DefaultSplitPhasing	
TrafficLightsEnhancementSettings	bool	m_ForceNodeUpdate	
TrafficLightsEnhancementSettings	string	m_Locale	
TrafficLightsEnhancementSettings	string	m_LocaleOption	
TrafficLightsEnhancementSettings	ProxyBinding	m_MainPanelToggleKeyboardBinding	
TrafficLightsEnhancementSettings	ProxyBinding	m_MultiSelectEntityKeyboardBinding	
TrafficLightsEnhancementSettings	bool	m_SuppressCanaryWarning	TRUE
TrafficLightsEnhancementSettings	List<UserPreset>	m_UserPresets	TRUE
TrafficLightsEnhancementSettings	ushort	MaxDuration	TRUE
TrafficLightsEnhancementSettings	ushort	MinDuration	TRUE
TrafficLightsEnhancementSettings	string	Name	TRUE
TrafficLightsEnhancementSettings	float	TargetDurationMultiplier	TRUE
TrafficLightsEnhancementSettings	class	UserPreset	TRUE
TrafficLightsEnhancementSettings	float	WaitFlowBalance	TRUE
TrafficSettings	float	ConnectionLaneWidth	
TrafficSettings	float	ConnectorSize	
TrafficSettings	string	CurrentLocale	
TrafficSettings	float	FeedbackOutlineWidth	
TrafficSettings	bool	ShowConnectionsOverlayWhenEditing	
TrafficSettings	bool	UseGameLanguage	
TrafficSettings	bool	UseVanillaToolActions	
TrafficSettingsSettings	string	CurrentLocale	
TrafficSettingsSettings	int	NewIntersectionDefaultsVersion	
TrafficSettingsSettings	bool	NewIntersectionsCrosswalks	
TrafficSettingsSettings	bool	NewIntersectionsUnsafeCrosswalks	
TrafficSettingsSettings	bool	NewIntersectionsVanilla	
TrafficSettingsSettings	bool	NewIntersectionsWithoutUnsafe	
TrafficSettingsSettings	bool	NewIntersectionsWithoutUTurns	
TrafficSettingsSettings	bool	RemoveCrosswalkByDefault	
TrafficSettingsSettings	bool	RemoveInvisibleCrosswalkByDefault	
TrafficSettingsSettings	bool	RemoveUnsafeCrosswalksWithVisualRemoval	
TrafficSettingsSettings	bool	UseGameLanguage	
TrafficSpySettings	int	MaxPedestrianTraffic	
TrafficSpySettings	int	MaxVehicleTraffic	
TrafficSpySettings	int	RouteOpacity	
TrafficSpySettings	ProxyBinding	ToggleToolBinding	
TransitNightSchedulerSettings	bool	EnableNightMode	
TransitNightSchedulerSettings	int	NightEndHour	
TransitNightSchedulerSettings	int	NightStartHour	
TransportPolicyAdjusterSettings	int	Airplane	
TransportPolicyAdjusterSettings	int	Bus	
TransportPolicyAdjusterSettings	int	Ship	
TransportPolicyAdjusterSettings	int	Subway	
TransportPolicyAdjusterSettings	int	Train	
TransportPolicyAdjusterSettings	int	Tram	
TreeControllerSettings	AgeSelectionOptions	AgeSelectionTechnique	
TreeControllerSettings	ColorVariationSetYYTC	ColorVariationSet	
TreeControllerSettings	bool	ConstrainBrush	
TreeControllerSettings	bool	DisableTreeGrowth	
TreeControllerSettings	bool	DisableWindWhenPaused	
TreeControllerSettings	bool	FasterFullBrushStrength	
TreeControllerSettings	bool	FreeVegetation	
TreeControllerSettings	bool	IncludeStumps	
TreeControllerSettings	bool	LimitedTreeAnarchy	
TreeControllerSettings	bool	PreserveAge	
TreeControllerSettings	Ages	PreviousAgeSelection	
TreeControllerSettings	WindOptions	SelectedWindOption	
TreeControllerSettings	bool	UseDeadModelDuringWinter	
TreeControllerSettings	float	WindDirection	
TreeControllerSettings	float	WindDirectionVariance	
TreeControllerSettings	float	WindDirectionVariancePeriod	
TreeControllerSettings	float	WindGlobalStrength	
TreeControllerSettings	float	WindGlobalStrength2	
TreeControllerSettings	float	WindInterpolationDuration	
TreesReduceNoisePollutionSettings	int	AbsorptionRadius	
TreesReduceNoisePollutionSettings	bool	ModEnabled	
TreesReduceNoisePollutionSettings	int	ReductionMode	
TreesReduceNoisePollutionSettings	int	TreeNoiseStrength	
TreesReduceNoisePollutionSettings	int	UpdateInterval	
TreesReduceNoisePollutionSettings	bool	VerboseLogging	TRUE
UrbanInequalitySettings	float	levelCap1	
UrbanInequalitySettings	float	levelCap2	
UrbanInequalitySettings	float	levelCap3	
UrbanInequalitySettings	float	levelCap4	
UrbanInequalitySettings	float	levelCap5	
UrbanInequalitySettings	float	levelUpMaterialFactor	
UrbanInequalitySettings	float	maxEducationPenalty	
UrbanInequalitySettings	float	maxIncomePenalty	
UrbanInequalitySettings	float	minEducationPenalty	
UrbanInequalitySettings	float	minIncomePenalty	
UrbanInequalitySettings	CityOption	selectedCity	
UrbanInequalitySettings	int	wageLevel1	
UrbanInequalitySettings	int	wageLevel2	
UrbanInequalitySettings	int	wageLevel3	
UrbanInequalitySettings	int	wageLevel4	
UrbanInequalitySettings	int	wageLevel5	
VehicleControllerSettings	int	CityCarProbability	
VehicleControllerSettings	string	CurrentProbabilityPack	TRUE
VehicleControllerSettings	bool	CustomSpeedLimitFactor	
VehicleControllerSettings	float	DampingModifier	
VehicleControllerSettings	string	DefaultPropertyPackDropdown	
VehicleControllerSettings	bool	DisableSpeedLimitUpdate	
VehicleControllerSettings	bool	DisplayVehiclePrefabNames	
VehicleControllerSettings	bool	EnableChangeVehicles	
VehicleControllerSettings	int	HatchbackProbability	
VehicleControllerSettings	LogLevel	LoggingLevel	TRUE
VehicleControllerSettings	int	MinivanProbability	
VehicleControllerSettings	int	MotorbikeProbability	
VehicleControllerSettings	int	MuscleCarProbability	
VehicleControllerSettings	string	PackName	
VehicleControllerSettings	int	PickupProbability	
VehicleControllerSettings	ProxyBinding	ResetAllSpeedLimitsBinding	
VehicleControllerSettings	string	SavegamePropertyPackDropdown	
VehicleControllerSettings	float	SavegamePropertyPackFactor	
VehicleControllerSettings	int	ScooterProbability	
VehicleControllerSettings	int	SedanProbability	
VehicleControllerSettings	float	SpeedLimitFactor	
VehicleControllerSettings	int	SportsCarProbability	
VehicleControllerSettings	float	StiffnessModifier	
VehicleControllerSettings	int	SUVProbability	
VehicleControllerSettings	int	TrailerProbability	
VehicleControllerSettings	bool	UseImprovedStiffnessValues	
VehicleControllerSettings	int	VanProbability	
VehicleControllerSettings	int	VehicleAcceleration	
VehicleControllerSettings	int	VehicleBraking	
VehicleControllerSettings	int	VehicleMaxSpeed	
VehicleVariationPacksSettings	string	PackDropdown	
VehicleVariationPacksSettings	bool	ShowDebugPacks	TRUE
WaterFeaturesSettings	float	ConstantFlowRate	
WaterFeaturesSettings	float	Damping	
WaterFeaturesSettings	bool	EnableSeasonalStreams	
WaterFeaturesSettings	bool	EnableWavesAndTides	
WaterFeaturesSettings	float	EvaporationRate	
WaterFeaturesSettings	float	Fluidness	
WaterFeaturesSettings	bool	ForceWaterSimulationSpeed	
WaterFeaturesSettings	bool	IncludeDetentionBasins	
WaterFeaturesSettings	bool	IncludeRetentionBasins	
WaterFeaturesSettings	float	MaximumMultiplier	
WaterFeaturesSettings	float	MinimumMultiplier	
WaterFeaturesSettings	bool	SeasonalStreamsAffectEditorSimulation	TRUE
WaterFeaturesSettings	bool	SimulateSnowMelt	
WaterFeaturesSettings	float	StreamSeasonality	
WaterFeaturesSettings	float	StreamStormwaterEffects	
WaterFeaturesSettings	TideClassificationYYTAW	TideClassification	
WaterFeaturesSettings	float	TideHeight	
WaterFeaturesSettings	bool	TrySmallerRadii	
WaterFeaturesSettings	bool	WaterCausesDamage	
WaterFeaturesSettings	bool	WaterToolSettingsAffectEditorSimulation	
WaterFeaturesSettings	float	WaveFrequency	
WaterFeaturesSettings	float	WaveHeight	
WaterFeaturesSettings	bool	WavesAndTidesAffectEditorSimulation	TRUE
WaterVisualTweaksSettings	float	AbsorptionDistance	
WaterVisualTweaksSettings	float	CausticsIntensity	
WaterVisualTweaksSettings	bool	CausticsUseRippleBand	
WaterVisualTweaksSettings	float	CausticsVirtualPlaneDistance	
WaterVisualTweaksSettings	float	EndSmoothness	
WaterVisualTweaksSettings	float	Large0AmplitudeMultiplier	
WaterVisualTweaksSettings	float	Large0PatchSize	
WaterVisualTweaksSettings	float	Large0WindSpeed	
WaterVisualTweaksSettings	float	Large1AmplitudeMultiplier	
WaterVisualTweaksSettings	float	Large1PatchSize	
WaterVisualTweaksSettings	float	Large1WindSpeed	
WaterVisualTweaksSettings	float	RefractionColorB	
WaterVisualTweaksSettings	float	RefractionColorG	
WaterVisualTweaksSettings	float	RefractionColorR	
WaterVisualTweaksSettings	float	RipplesAmplitudeMultiplier	
WaterVisualTweaksSettings	float	RipplesPatchSize	
WaterVisualTweaksSettings	float	RipplesWindSpeed	
WaterVisualTweaksSettings	float	ScatteringColorB	
WaterVisualTweaksSettings	float	ScatteringColorG	
WaterVisualTweaksSettings	float	ScatteringColorR	
WaterVisualTweaksSettings	bool	SimulationOverrideEnable	
WaterVisualTweaksSettings	float	StartSmoothness	
WetRoadsSettings	bool	DisableInFreezing	
WetRoadsSettings	bool	Enabled	
WetRoadsSettings	float	RainFullValue	
WetRoadsSettings	float	RainThreshold	
WetRoadsSettings	float	SmoothnessMax	
WetRoadsSettings	float	SmoothnessMin	
WetRoadsSettings	ProxyBinding	ToggleEnabledBinding	
WriteEverywhereSettings	ProxyBinding	ActionCycleAxisLock	
WriteEverywhereSettings	ProxyBinding	ActionInstanceNavXNext	
WriteEverywhereSettings	ProxyBinding	ActionInstanceNavXPrev	
WriteEverywhereSettings	ProxyBinding	ActionInstanceNavYNext	
WriteEverywhereSettings	ProxyBinding	ActionInstanceNavYPrev	
WriteEverywhereSettings	ProxyBinding	ActionInstanceNavZNext	
WriteEverywhereSettings	ProxyBinding	ActionInstanceNavZPrev	
WriteEverywhereSettings	ProxyBinding	ActionMoveDown	
WriteEverywhereSettings	ProxyBinding	ActionMoveLeft	
WriteEverywhereSettings	ProxyBinding	ActionMoveRight	
WriteEverywhereSettings	ProxyBinding	ActionMoveUp	
WriteEverywhereSettings	ProxyBinding	ActionPerspectiveXY	
WriteEverywhereSettings	ProxyBinding	ActionPerspectiveXZ	
WriteEverywhereSettings	ProxyBinding	ActionPerspectiveZY	
WriteEverywhereSettings	ProxyBinding	ActionRotateClockwise	
WriteEverywhereSettings	ProxyBinding	ActionRotateCounterClockwise	
WriteEverywhereSettings	ProxyBinding	ActionTreeDelete	
WriteEverywhereSettings	ProxyBinding	ActionTreeFoldAll	
WriteEverywhereSettings	ProxyBinding	ActionTreeNavNext	
WriteEverywhereSettings	ProxyBinding	ActionTreeNavPrev	
WriteEverywhereSettings	ProxyBinding	ActionTreeToggleFold	
WriteEverywhereSettings	ProxyBinding	ActionTreeUnfoldAll	
WriteEverywhereSettings	ProxyBinding	AlternateFixedCamera	
WriteEverywhereSettings	ProxyBinding	EnableTool	
WriteEverywhereSettings	int	FontQuality	
WriteEverywhereSettings	int	FramesCheckUpdate	
WriteEverywhereSettings	string	LocaleFomatting	
WriteEverywhereSettings	ProxyBinding	MouseToolMove	
WriteEverywhereSettings	ProxyBinding	MouseToolRotate	
WriteEverywhereSettings	float	RequiredLodForFormulaesUpdate	
WriteEverywhereSettings	int	StartTextureSizeFont	
WriteEverywhereSettings	bool	TempDisableRendering	TRUE
WriteEverywhereSettings	ProxyBinding	ToggleLockCameraRotation	
WriteEverywhereSettings	ProxyBinding	ToolIncreaseMovementStrenght	
WriteEverywhereSettings	ProxyBinding	ToolReduceMovementStrenght	
WriteEverywhereSettings	bool	UseVT	
ZoneColorChangerSettings	bool	GroupThemes	
ZoneColorChangerSettings	bool	RecolorIcons	
ZoneToolsSettings	PanelLocation	DefaultPanelLocation	
ZoneToolsSettings	bool	ProtectOccupiedCells	
ZoneToolsSettings	bool	ProtectZonedCells	
ZoneToolsSettings	bool	ShowContourButton	
ZoneToolsSettings	bool	ShowUsage	
ZoneToolsSettings	ProxyBinding	TogglePanelBinding	
ZoneToolsSettings	bool	UseGlassPanel	
